attendance_id,game_id,season,game_date,opponent,announced_attendance,attendance_source,attendance_match_status,actual_home_game_records,attendance_note,public_data_flag
ATT_TP_2023_001,TP_2023_001,2023,2023-04-06,Chattanooga,5264,SRC_2023_TBC_GAME_LOG,matched,1,Exact date/opponent match to public game log,True
ATT_TP_2023_002,TP_2023_002,2023,2023-04-07,Chattanooga,,,unmatched,,"No exact date/opponent match to public game log; schedule change, postponement, doubleheader, or unmatched public record",True
ATT_TP_2023_003,TP_2023_003,2023,2023-04-08,Chattanooga,4625,SRC_2023_TBC_GAME_LOG,matched,2,Exact date/opponent match to public game log,True
ATT_TP_2023_004,TP_2023_004,2023,2023-04-18,Biloxi,4774,SRC_2023_TBC_GAME_LOG,matched,1,Exact date/opponent match to public game log,True
ATT_TP_2023_005,TP_2023_005,2023,2023-04-19,Biloxi,3657,SRC_2023_TBC_GAME_LOG,matched,1,Exact date/opponent match to public game log,True
ATT_TP_2023_006,TP_2023_006,2023,2023-04-20,Biloxi,4513,SRC_2023_TBC_GAME_LOG,matched,1,Exact date/opponent match to public game log,True
ATT_TP_2023_007,TP_2023_007,2023,2023-04-21,Biloxi,,,unmatched,,"No exact date/opponent match to public game log; schedule change, postponement, doubleheader, or unmatched public record",True
ATT_TP_2023_008,TP_2023_008,2023,2023-04-22,Biloxi,5932,SRC_2023_TBC_GAME_LOG,matched,2,Exact date/opponent match to public game log,True
ATT_TP_2023_009,TP_2023_009,2023,2023-04-23,Biloxi,5148,SRC_2023_TBC_GAME_LOG,matched,1,Exact date/opponent match to public game log,True
ATT_TP_2023_010,TP_2023_010,2023,2023-05-02,Tennessee,3547,SRC_2023_TBC_GAME_LOG,matched,1,Exact date/opponent match to public game log,True
ATT_TP_2023_011,TP_2023_011,2023,2023-05-03,Tennessee,5876,SRC_2023_TBC_GAME_LOG,matched,1,Exact date/opponent match to public game log,True
ATT_TP_2023_012,TP_2023_012,2023,2023-05-04,Tennessee,5767,SRC_2023_TBC_GAME_LOG,matched,1,Exact date/opponent match to public game log,True
ATT_TP_2023_013,TP_2023_013,2023,2023-05-05,Tennessee,4498,SRC_2023_TBC_GAME_LOG,matched,1,Exact date/opponent match to public game log,True
ATT_TP_2023_014,TP_2023_014,2023,2023-05-06,Tennessee,5968,SRC_2023_TBC_GAME_LOG,matched,1,Exact date/opponent match to public game log,True
ATT_TP_2023_015,TP_2023_015,2023,2023-05-07,Tennessee,4860,SRC_2023_TBC_GAME_LOG,matched,1,Exact date/opponent match to public game log,True
ATT_TP_2023_016,TP_2023_016,2023,2023-05-16,Birmingham,3801,SRC_2023_TBC_GAME_LOG,matched,1,Exact date/opponent match to public game log,True
ATT_TP_2023_017,TP_2023_017,2023,2023-05-17,Birmingham,3872,SRC_2023_TBC_GAME_LOG,matched,1,Exact date/opponent match to public game log,True
ATT_TP_2023_018,TP_2023_018,2023,2023-05-18,Birmingham,3315,SRC_2023_TBC_GAME_LOG,matched,1,Exact date/opponent match to public game log,True
ATT_TP_2023_019,TP_2023_019,2023,2023-05-19,Birmingham,6075,SRC_2023_TBC_GAME_LOG,matched,1,Exact date/opponent match to public game log,True
ATT_TP_2023_020,TP_2023_020,2023,2023-05-20,Birmingham,5562,SRC_2023_TBC_GAME_LOG,matched,1,Exact date/opponent match to public game log,True
ATT_TP_2023_021,TP_2023_021,2023,2023-05-21,Birmingham,4216,SRC_2023_TBC_GAME_LOG,matched,1,Exact date/opponent match to public game log,True
ATT_TP_2023_022,TP_2023_022,2023,2023-05-23,Chattanooga,4296,SRC_2023_TBC_GAME_LOG,matched,1,Exact date/opponent match to public game log,True
ATT_TP_2023_023,TP_2023_023,2023,2023-05-24,Chattanooga,4583,SRC_2023_TBC_GAME_LOG,matched,1,Exact date/opponent match to public game log,True
ATT_TP_2023_024,TP_2023_024,2023,2023-05-25,Chattanooga,4018,SRC_2023_TBC_GAME_LOG,matched,1,Exact date/opponent match to public game log,True
ATT_TP_2023_025,TP_2023_025,2023,2023-05-26,Chattanooga,5349,SRC_2023_TBC_GAME_LOG,matched,1,Exact date/opponent match to public game log,True
ATT_TP_2023_026,TP_2023_026,2023,2023-05-27,Chattanooga,5966,SRC_2023_TBC_GAME_LOG,matched,1,Exact date/opponent match to public game log,True
ATT_TP_2023_027,TP_2023_027,2023,2023-05-28,Chattanooga,6041,SRC_2023_TBC_GAME_LOG,matched,1,Exact date/opponent match to public game log,True
ATT_TP_2023_028,TP_2023_028,2023,2023-06-06,Tennessee,3906,SRC_2023_TBC_GAME_LOG,matched,1,Exact date/opponent match to public game log,True
ATT_TP_2023_029,TP_2023_029,2023,2023-06-07,Tennessee,3824,SRC_2023_TBC_GAME_LOG,matched,1,Exact date/opponent match to public game log,True
ATT_TP_2023_030,TP_2023_030,2023,2023-06-08,Tennessee,5054,SRC_2023_TBC_GAME_LOG,matched,1,Exact date/opponent match to public game log,True
ATT_TP_2023_031,TP_2023_031,2023,2023-06-09,Tennessee,6393,SRC_2023_TBC_GAME_LOG,matched,1,Exact date/opponent match to public game log,True
ATT_TP_2023_032,TP_2023_032,2023,2023-06-10,Tennessee,6748,SRC_2023_TBC_GAME_LOG,matched,1,Exact date/opponent match to public game log,True
ATT_TP_2023_033,TP_2023_033,2023,2023-06-11,Tennessee,4120,SRC_2023_TBC_GAME_LOG,matched,1,Exact date/opponent match to public game log,True
ATT_TP_2023_034,TP_2023_034,2023,2023-06-20,Montgomery,,,unmatched,,"No exact date/opponent match to public game log; schedule change, postponement, doubleheader, or unmatched public record",True
ATT_TP_2023_035,TP_2023_035,2023,2023-06-21,Montgomery,,,unmatched,,"No exact date/opponent match to public game log; schedule change, postponement, doubleheader, or unmatched public record",True
ATT_TP_2023_036,TP_2023_036,2023,2023-06-22,Montgomery,4835,SRC_2023_TBC_GAME_LOG,matched,2,Exact date/opponent match to public game log,True
ATT_TP_2023_037,TP_2023_037,2023,2023-06-23,Montgomery,5970,SRC_2023_TBC_GAME_LOG,matched,1,Exact date/opponent match to public game log,True
ATT_TP_2023_038,TP_2023_038,2023,2023-06-24,Montgomery,6683,SRC_2023_TBC_GAME_LOG,matched,2,Exact date/opponent match to public game log,True
ATT_TP_2023_039,TP_2023_039,2023,2023-06-25,Montgomery,4384,SRC_2023_TBC_GAME_LOG,matched,1,Exact date/opponent match to public game log,True
ATT_TP_2023_040,TP_2023_040,2023,2023-07-04,Chattanooga,7500,SRC_2023_TBC_GAME_LOG,matched,1,Exact date/opponent match to public game log,True
ATT_TP_2023_041,TP_2023_041,2023,2023-07-05,Chattanooga,4150,SRC_2023_TBC_GAME_LOG,matched,1,Exact date/opponent match to public game log,True
ATT_TP_2023_042,TP_2023_042,2023,2023-07-06,Chattanooga,4046,SRC_2023_TBC_GAME_LOG,matched,1,Exact date/opponent match to public game log,True
ATT_TP_2023_043,TP_2023_043,2023,2023-07-07,Chattanooga,6007,SRC_2023_TBC_GAME_LOG,matched,1,Exact date/opponent match to public game log,True
ATT_TP_2023_044,TP_2023_044,2023,2023-07-08,Chattanooga,5058,SRC_2023_TBC_GAME_LOG,matched,1,Exact date/opponent match to public game log,True
ATT_TP_2023_045,TP_2023_045,2023,2023-07-09,Chattanooga,4424,SRC_2023_TBC_GAME_LOG,matched,1,Exact date/opponent match to public game log,True
ATT_TP_2023_046,TP_2023_046,2023,2023-07-25,Tennessee,4408,SRC_2023_TBC_GAME_LOG,matched,1,Exact date/opponent match to public game log,True
ATT_TP_2023_047,TP_2023_047,2023,2023-07-26,Tennessee,5168,SRC_2023_TBC_GAME_LOG,matched,1,Exact date/opponent match to public game log,True
ATT_TP_2023_048,TP_2023_048,2023,2023-07-27,Tennessee,4130,SRC_2023_TBC_GAME_LOG,matched,1,Exact date/opponent match to public game log,True
ATT_TP_2023_049,TP_2023_049,2023,2023-07-28,Tennessee,6237,SRC_2023_TBC_GAME_LOG,matched,1,Exact date/opponent match to public game log,True
ATT_TP_2023_050,TP_2023_050,2023,2023-07-29,Tennessee,6456,SRC_2023_TBC_GAME_LOG,matched,1,Exact date/opponent match to public game log,True
ATT_TP_2023_051,TP_2023_051,2023,2023-07-30,Tennessee,4950,SRC_2023_TBC_GAME_LOG,matched,1,Exact date/opponent match to public game log,True
ATT_TP_2023_052,TP_2023_052,2023,2023-08-08,Mississippi,3657,SRC_2023_TBC_GAME_LOG,matched,1,Exact date/opponent match to public game log,True
ATT_TP_2023_053,TP_2023_053,2023,2023-08-09,Mississippi,,,unmatched,,"No exact date/opponent match to public game log; schedule change, postponement, doubleheader, or unmatched public record",True
ATT_TP_2023_054,TP_2023_054,2023,2023-08-10,Mississippi,3305,SRC_2023_TBC_GAME_LOG,matched,1,Exact date/opponent match to public game log,True
ATT_TP_2023_055,TP_2023_055,2023,2023-08-11,Mississippi,5595,SRC_2023_TBC_GAME_LOG,matched,2,Exact date/opponent match to public game log,True
ATT_TP_2023_056,TP_2023_056,2023,2023-08-12,Mississippi,6435,SRC_2023_TBC_GAME_LOG,matched,1,Exact date/opponent match to public game log,True
ATT_TP_2023_057,TP_2023_057,2023,2023-08-13,Mississippi,,,unmatched,,"No exact date/opponent match to public game log; schedule change, postponement, doubleheader, or unmatched public record",True
ATT_TP_2023_058,TP_2023_058,2023,2023-08-22,Birmingham,4115,SRC_2023_TBC_GAME_LOG,matched,1,Exact date/opponent match to public game log,True
ATT_TP_2023_059,TP_2023_059,2023,2023-08-23,Birmingham,3863,SRC_2023_TBC_GAME_LOG,matched,1,Exact date/opponent match to public game log,True
ATT_TP_2023_060,TP_2023_060,2023,2023-08-24,Birmingham,3757,SRC_2023_TBC_GAME_LOG,matched,1,Exact date/opponent match to public game log,True
ATT_TP_2023_061,TP_2023_061,2023,2023-08-25,Birmingham,4742,SRC_2023_TBC_GAME_LOG,matched,1,Exact date/opponent match to public game log,True
ATT_TP_2023_062,TP_2023_062,2023,2023-08-26,Birmingham,6019,SRC_2023_TBC_GAME_LOG,matched,1,Exact date/opponent match to public game log,True
ATT_TP_2023_063,TP_2023_063,2023,2023-08-27,Birmingham,4164,SRC_2023_TBC_GAME_LOG,matched,1,Exact date/opponent match to public game log,True
ATT_TP_2023_064,TP_2023_064,2023,2023-09-05,Pensacola,4412,SRC_2023_TBC_GAME_LOG,matched,1,Exact date/opponent match to public game log,True
ATT_TP_2023_065,TP_2023_065,2023,2023-09-06,Pensacola,2982,SRC_2023_TBC_GAME_LOG,matched,1,Exact date/opponent match to public game log,True
ATT_TP_2023_066,TP_2023_066,2023,2023-09-07,Pensacola,4388,SRC_2023_TBC_GAME_LOG,matched,1,Exact date/opponent match to public game log,True
ATT_TP_2023_067,TP_2023_067,2023,2023-09-08,Pensacola,6137,SRC_2023_TBC_GAME_LOG,matched,1,Exact date/opponent match to public game log,True
ATT_TP_2023_068,TP_2023_068,2023,2023-09-09,Pensacola,5843,SRC_2023_TBC_GAME_LOG,matched,1,Exact date/opponent match to public game log,True
ATT_TP_2023_069,TP_2023_069,2023,2023-09-10,Pensacola,4729,SRC_2023_TBC_GAME_LOG,matched,1,Exact date/opponent match to public game log,True
ATT_TP_2024_001,TP_2024_001,2024,2024-04-09,Birmingham,,,unmatched,,"No exact date/opponent match to public game log; schedule change, postponement, doubleheader, or unmatched public record",True
ATT_TP_2024_002,TP_2024_002,2024,2024-04-10,Birmingham,2888,SRC_2024_TBC_GAME_LOG,matched,1,Exact date/opponent match to public game log,True
ATT_TP_2024_003,TP_2024_003,2024,2024-04-11,Birmingham,3148,SRC_2024_TBC_GAME_LOG,matched,1,Exact date/opponent match to public game log,True
ATT_TP_2024_004,TP_2024_004,2024,2024-04-12,Birmingham,4733,SRC_2024_TBC_GAME_LOG,matched,1,Exact date/opponent match to public game log,True
ATT_TP_2024_005,TP_2024_005,2024,2024-04-13,Birmingham,6180,SRC_2024_TBC_GAME_LOG,matched,2,Exact date/opponent match to public game log,True
ATT_TP_2024_006,TP_2024_006,2024,2024-04-14,Birmingham,4617,SRC_2024_TBC_GAME_LOG,matched,1,Exact date/opponent match to public game log,True
ATT_TP_2024_007,TP_2024_007,2024,2024-04-23,Tennessee,3640,SRC_2024_TBC_GAME_LOG,matched,1,Exact date/opponent match to public game log,True
ATT_TP_2024_008,TP_2024_008,2024,2024-04-24,Tennessee,5558,SRC_2024_TBC_GAME_LOG,matched,1,Exact date/opponent match to public game log,True
ATT_TP_2024_009,TP_2024_009,2024,2024-04-25,Tennessee,4248,SRC_2024_TBC_GAME_LOG,matched,1,Exact date/opponent match to public game log,True
ATT_TP_2024_010,TP_2024_010,2024,2024-04-26,Tennessee,6621,SRC_2024_TBC_GAME_LOG,matched,1,Exact date/opponent match to public game log,True
ATT_TP_2024_011,TP_2024_011,2024,2024-04-27,Tennessee,7065,SRC_2024_TBC_GAME_LOG,matched,1,Exact date/opponent match to public game log,True
ATT_TP_2024_012,TP_2024_012,2024,2024-04-28,Tennessee,4628,SRC_2024_TBC_GAME_LOG,matched,1,Exact date/opponent match to public game log,True
ATT_TP_2024_013,TP_2024_013,2024,2024-05-07,Mississippi,4085,SRC_2024_TBC_GAME_LOG,matched,1,Exact date/opponent match to public game log,True
ATT_TP_2024_014,TP_2024_014,2024,2024-05-08,Mississippi,6186,SRC_2024_TBC_GAME_LOG,matched,1,Exact date/opponent match to public game log,True
ATT_TP_2024_015,TP_2024_015,2024,2024-05-09,Mississippi,3640,SRC_2024_TBC_GAME_LOG,matched,1,Exact date/opponent match to public game log,True
ATT_TP_2024_016,TP_2024_016,2024,2024-05-10,Mississippi,6421,SRC_2024_TBC_GAME_LOG,matched,1,Exact date/opponent match to public game log,True
ATT_TP_2024_017,TP_2024_017,2024,2024-05-11,Mississippi,6668,SRC_2024_TBC_GAME_LOG,matched,1,Exact date/opponent match to public game log,True
ATT_TP_2024_018,TP_2024_018,2024,2024-05-12,Mississippi,4028,SRC_2024_TBC_GAME_LOG,matched,1,Exact date/opponent match to public game log,True
ATT_TP_2024_019,TP_2024_019,2024,2024-05-21,Montgomery,4289,SRC_2024_TBC_GAME_LOG,matched,1,Exact date/opponent match to public game log,True
ATT_TP_2024_020,TP_2024_020,2024,2024-05-22,Montgomery,3409,SRC_2024_TBC_GAME_LOG,matched,1,Exact date/opponent match to public game log,True
ATT_TP_2024_021,TP_2024_021,2024,2024-05-23,Montgomery,4136,SRC_2024_TBC_GAME_LOG,matched,1,Exact date/opponent match to public game log,True
ATT_TP_2024_022,TP_2024_022,2024,2024-05-24,Montgomery,4915,SRC_2024_TBC_GAME_LOG,matched,1,Exact date/opponent match to public game log,True
ATT_TP_2024_023,TP_2024_023,2024,2024-05-25,Montgomery,6227,SRC_2024_TBC_GAME_LOG,matched,1,Exact date/opponent match to public game log,True
ATT_TP_2024_024,TP_2024_024,2024,2024-05-26,Montgomery,3535,SRC_2024_TBC_GAME_LOG,matched,1,Exact date/opponent match to public game log,True
ATT_TP_2024_025,TP_2024_025,2024,2024-06-04,Chattanooga,3455,SRC_2024_TBC_GAME_LOG,matched,1,Exact date/opponent match to public game log,True
ATT_TP_2024_026,TP_2024_026,2024,2024-06-05,Chattanooga,3565,SRC_2024_TBC_GAME_LOG,matched,1,Exact date/opponent match to public game log,True
ATT_TP_2024_027,TP_2024_027,2024,2024-06-06,Chattanooga,3966,SRC_2024_TBC_GAME_LOG,matched,1,Exact date/opponent match to public game log,True
ATT_TP_2024_028,TP_2024_028,2024,2024-06-07,Chattanooga,5764,SRC_2024_TBC_GAME_LOG,matched,1,Exact date/opponent match to public game log,True
ATT_TP_2024_029,TP_2024_029,2024,2024-06-08,Chattanooga,6713,SRC_2024_TBC_GAME_LOG,matched,1,Exact date/opponent match to public game log,True
ATT_TP_2024_030,TP_2024_030,2024,2024-06-09,Chattanooga,4137,SRC_2024_TBC_GAME_LOG,matched,1,Exact date/opponent match to public game log,True
ATT_TP_2024_031,TP_2024_031,2024,2024-06-18,Biloxi,4255,SRC_2024_TBC_GAME_LOG,matched,1,Exact date/opponent match to public game log,True
ATT_TP_2024_032,TP_2024_032,2024,2024-06-19,Biloxi,3836,SRC_2024_TBC_GAME_LOG,matched,1,Exact date/opponent match to public game log,True
ATT_TP_2024_033,TP_2024_033,2024,2024-06-20,Biloxi,5506,SRC_2024_TBC_GAME_LOG,matched,1,Exact date/opponent match to public game log,True
ATT_TP_2024_034,TP_2024_034,2024,2024-06-21,Biloxi,6377,SRC_2024_TBC_GAME_LOG,matched,1,Exact date/opponent match to public game log,True
ATT_TP_2024_035,TP_2024_035,2024,2024-06-22,Biloxi,6038,SRC_2024_TBC_GAME_LOG,matched,1,Exact date/opponent match to public game log,True
ATT_TP_2024_036,TP_2024_036,2024,2024-06-23,Biloxi,3386,SRC_2024_TBC_GAME_LOG,matched,1,Exact date/opponent match to public game log,True
ATT_TP_2024_037,TP_2024_037,2024,2024-07-04,Birmingham,7500,SRC_2024_TBC_GAME_LOG,matched,1,Exact date/opponent match to public game log,True
ATT_TP_2024_038,TP_2024_038,2024,2024-07-05,Birmingham,6207,SRC_2024_TBC_GAME_LOG,matched,1,Exact date/opponent match to public game log,True
ATT_TP_2024_039,TP_2024_039,2024,2024-07-06,Birmingham,5636,SRC_2024_TBC_GAME_LOG,matched,1,Exact date/opponent match to public game log,True
ATT_TP_2024_040,TP_2024_040,2024,2024-07-09,Pensacola,3397,SRC_2024_TBC_GAME_LOG,matched,1,Exact date/opponent match to public game log,True
ATT_TP_2024_041,TP_2024_041,2024,2024-07-10,Pensacola,4065,SRC_2024_TBC_GAME_LOG,matched,1,Exact date/opponent match to public game log,True
ATT_TP_2024_042,TP_2024_042,2024,2024-07-11,Pensacola,3728,SRC_2024_TBC_GAME_LOG,matched,1,Exact date/opponent match to public game log,True
ATT_TP_2024_043,TP_2024_043,2024,2024-07-12,Pensacola,4388,SRC_2024_TBC_GAME_LOG,matched,1,Exact date/opponent match to public game log,True
ATT_TP_2024_044,TP_2024_044,2024,2024-07-13,Pensacola,4842,SRC_2024_TBC_GAME_LOG,matched,1,Exact date/opponent match to public game log,True
ATT_TP_2024_045,TP_2024_045,2024,2024-07-14,Pensacola,2974,SRC_2024_TBC_GAME_LOG,matched,1,Exact date/opponent match to public game log,True
ATT_TP_2024_046,TP_2024_046,2024,2024-07-23,Chattanooga,3187,SRC_2024_TBC_GAME_LOG,matched,1,Exact date/opponent match to public game log,True
ATT_TP_2024_047,TP_2024_047,2024,2024-07-24,Chattanooga,3357,SRC_2024_TBC_GAME_LOG,matched,1,Exact date/opponent match to public game log,True
ATT_TP_2024_048,TP_2024_048,2024,2024-07-25,Chattanooga,,,unmatched,,"No exact date/opponent match to public game log; schedule change, postponement, doubleheader, or unmatched public record",True
ATT_TP_2024_049,TP_2024_049,2024,2024-07-26,Chattanooga,5266,SRC_2024_TBC_GAME_LOG,matched,1,Exact date/opponent match to public game log,True
ATT_TP_2024_050,TP_2024_050,2024,2024-07-27,Chattanooga,5246,SRC_2024_TBC_GAME_LOG,matched,2,Exact date/opponent match to public game log,True
ATT_TP_2024_051,TP_2024_051,2024,2024-07-28,Chattanooga,,,unmatched,,"No exact date/opponent match to public game log; schedule change, postponement, doubleheader, or unmatched public record",True
ATT_TP_2024_052,TP_2024_052,2024,2024-08-06,Birmingham,4416,SRC_2024_TBC_GAME_LOG,matched,1,Exact date/opponent match to public game log,True
ATT_TP_2024_053,TP_2024_053,2024,2024-08-07,Birmingham,3556,SRC_2024_TBC_GAME_LOG,matched,1,Exact date/opponent match to public game log,True
ATT_TP_2024_054,TP_2024_054,2024,2024-08-08,Birmingham,2950,SRC_2024_TBC_GAME_LOG,matched,1,Exact date/opponent match to public game log,True
ATT_TP_2024_055,TP_2024_055,2024,2024-08-09,Birmingham,5296,SRC_2024_TBC_GAME_LOG,matched,1,Exact date/opponent match to public game log,True
ATT_TP_2024_056,TP_2024_056,2024,2024-08-10,Birmingham,6841,SRC_2024_TBC_GAME_LOG,matched,1,Exact date/opponent match to public game log,True
ATT_TP_2024_057,TP_2024_057,2024,2024-08-11,Birmingham,4103,SRC_2024_TBC_GAME_LOG,matched,1,Exact date/opponent match to public game log,True
ATT_TP_2024_058,TP_2024_058,2024,2024-08-27,Tennessee,3467,SRC_2024_TBC_GAME_LOG,matched,1,Exact date/opponent match to public game log,True
ATT_TP_2024_059,TP_2024_059,2024,2024-08-28,Tennessee,3980,SRC_2024_TBC_GAME_LOG,matched,1,Exact date/opponent match to public game log,True
ATT_TP_2024_060,TP_2024_060,2024,2024-08-29,Tennessee,3868,SRC_2024_TBC_GAME_LOG,matched,1,Exact date/opponent match to public game log,True
ATT_TP_2024_061,TP_2024_061,2024,2024-08-30,Tennessee,4711,SRC_2024_TBC_GAME_LOG,matched,1,Exact date/opponent match to public game log,True
ATT_TP_2024_062,TP_2024_062,2024,2024-08-31,Tennessee,4537,SRC_2024_TBC_GAME_LOG,matched,1,Exact date/opponent match to public game log,True
ATT_TP_2024_063,TP_2024_063,2024,2024-09-01,Tennessee,5208,SRC_2024_TBC_GAME_LOG,matched,1,Exact date/opponent match to public game log,True
ATT_TP_2024_064,TP_2024_064,2024,2024-09-03,Biloxi,3197,SRC_2024_TBC_GAME_LOG,matched,1,Exact date/opponent match to public game log,True
ATT_TP_2024_065,TP_2024_065,2024,2024-09-04,Biloxi,2850,SRC_2024_TBC_GAME_LOG,matched,1,Exact date/opponent match to public game log,True
ATT_TP_2024_066,TP_2024_066,2024,2024-09-05,Biloxi,3754,SRC_2024_TBC_GAME_LOG,matched,1,Exact date/opponent match to public game log,True
ATT_TP_2024_067,TP_2024_067,2024,2024-09-06,Biloxi,5785,SRC_2024_TBC_GAME_LOG,matched,1,Exact date/opponent match to public game log,True
ATT_TP_2024_068,TP_2024_068,2024,2024-09-07,Biloxi,7084,SRC_2024_TBC_GAME_LOG,matched,1,Exact date/opponent match to public game log,True
ATT_TP_2024_069,TP_2024_069,2024,2024-09-08,Biloxi,5008,SRC_2024_TBC_GAME_LOG,matched,1,Exact date/opponent match to public game log,True
ATT_TP_2025_001,TP_2025_001,2025,2025-04-04,Chattanooga,6597,SRC_2025_TBC_GAME_LOG,matched,1,Exact date/opponent match to public game log,True
ATT_TP_2025_002,TP_2025_002,2025,2025-04-05,Chattanooga,4540,SRC_2025_TBC_GAME_LOG,matched,1,Exact date/opponent match to public game log,True
ATT_TP_2025_003,TP_2025_003,2025,2025-04-06,Chattanooga,,,unmatched,,"No exact date/opponent match to public game log; schedule change, postponement, doubleheader, or unmatched public record",True
ATT_TP_2025_004,TP_2025_004,2025,2025-04-08,Tennessee,2785,SRC_2025_TBC_GAME_LOG,matched,1,Exact date/opponent match to public game log,True
ATT_TP_2025_005,TP_2025_005,2025,2025-04-09,Tennessee,2598,SRC_2025_TBC_GAME_LOG,matched,1,Exact date/opponent match to public game log,True
ATT_TP_2025_006,TP_2025_006,2025,2025-04-10,Tennessee,,,unmatched,,"No exact date/opponent match to public game log; schedule change, postponement, doubleheader, or unmatched public record",True
ATT_TP_2025_007,TP_2025_007,2025,2025-04-11,Tennessee,4945,SRC_2025_TBC_GAME_LOG,matched,2,Exact date/opponent match to public game log,True
ATT_TP_2025_008,TP_2025_008,2025,2025-04-12,Tennessee,4527,SRC_2025_TBC_GAME_LOG,matched,1,Exact date/opponent match to public game log,True
ATT_TP_2025_009,TP_2025_009,2025,2025-04-13,Tennessee,3545,SRC_2025_TBC_GAME_LOG,matched,1,Exact date/opponent match to public game log,True
ATT_TP_2025_010,TP_2025_010,2025,2025-04-22,Birmingham,2712,SRC_2025_TBC_GAME_LOG,matched,1,Exact date/opponent match to public game log,True
ATT_TP_2025_011,TP_2025_011,2025,2025-04-23,Birmingham,5027,SRC_2025_TBC_GAME_LOG,matched,1,Exact date/opponent match to public game log,True
ATT_TP_2025_012,TP_2025_012,2025,2025-04-24,Birmingham,,,unmatched,,"No exact date/opponent match to public game log; schedule change, postponement, doubleheader, or unmatched public record",True
ATT_TP_2025_013,TP_2025_013,2025,2025-04-25,Birmingham,8791,SRC_2025_TBC_GAME_LOG,matched,2,Exact date/opponent match to public game log,True
ATT_TP_2025_014,TP_2025_014,2025,2025-04-26,Birmingham,5103,SRC_2025_TBC_GAME_LOG,matched,1,Exact date/opponent match to public game log,True
ATT_TP_2025_015,TP_2025_015,2025,2025-04-27,Birmingham,4429,SRC_2025_TBC_GAME_LOG,matched,1,Exact date/opponent match to public game log,True
ATT_TP_2025_016,TP_2025_016,2025,2025-05-06,Montgomery,2945,SRC_2025_TBC_GAME_LOG,matched,1,Exact date/opponent match to public game log,True
ATT_TP_2025_017,TP_2025_017,2025,2025-05-07,Montgomery,5854,SRC_2025_TBC_GAME_LOG,matched,1,Exact date/opponent match to public game log,True
ATT_TP_2025_018,TP_2025_018,2025,2025-05-08,Montgomery,3831,SRC_2025_TBC_GAME_LOG,matched,1,Exact date/opponent match to public game log,True
ATT_TP_2025_019,TP_2025_019,2025,2025-05-09,Montgomery,5475,SRC_2025_TBC_GAME_LOG,matched,1,Exact date/opponent match to public game log,True
ATT_TP_2025_020,TP_2025_020,2025,2025-05-10,Montgomery,,,unmatched,,"No exact date/opponent match to public game log; schedule change, postponement, doubleheader, or unmatched public record",True
ATT_TP_2025_021,TP_2025_021,2025,2025-05-11,Montgomery,3610,SRC_2025_TBC_GAME_LOG,matched,2,Exact date/opponent match to public game log,True
ATT_TP_2025_022,TP_2025_022,2025,2025-05-27,Biloxi,,,unmatched,,"No exact date/opponent match to public game log; schedule change, postponement, doubleheader, or unmatched public record",True
ATT_TP_2025_023,TP_2025_023,2025,2025-05-28,Biloxi,3260,SRC_2025_TBC_GAME_LOG,matched,1,Exact date/opponent match to public game log,True
ATT_TP_2025_024,TP_2025_024,2025,2025-05-29,Biloxi,4007,SRC_2025_TBC_GAME_LOG,matched,2,Exact date/opponent match to public game log,True
ATT_TP_2025_025,TP_2025_025,2025,2025-05-30,Biloxi,5760,SRC_2025_TBC_GAME_LOG,matched,1,Exact date/opponent match to public game log,True
ATT_TP_2025_026,TP_2025_026,2025,2025-05-31,Biloxi,7162,SRC_2025_TBC_GAME_LOG,matched,1,Exact date/opponent match to public game log,True
ATT_TP_2025_027,TP_2025_027,2025,2025-06-01,Biloxi,4238,SRC_2025_TBC_GAME_LOG,matched,1,Exact date/opponent match to public game log,True
ATT_TP_2025_028,TP_2025_028,2025,2025-06-10,Pensacola,3246,SRC_2025_TBC_GAME_LOG,matched,1,Exact date/opponent match to public game log,True
ATT_TP_2025_029,TP_2025_029,2025,2025-06-11,Pensacola,3537,SRC_2025_TBC_GAME_LOG,matched,1,Exact date/opponent match to public game log,True
ATT_TP_2025_030,TP_2025_030,2025,2025-06-12,Pensacola,3846,SRC_2025_TBC_GAME_LOG,matched,1,Exact date/opponent match to public game log,True
ATT_TP_2025_031,TP_2025_031,2025,2025-06-13,Pensacola,5381,SRC_2025_TBC_GAME_LOG,matched,1,Exact date/opponent match to public game log,True
ATT_TP_2025_032,TP_2025_032,2025,2025-06-14,Pensacola,4876,SRC_2025_TBC_GAME_LOG,matched,1,Exact date/opponent match to public game log,True
ATT_TP_2025_033,TP_2025_033,2025,2025-06-15,Pensacola,4018,SRC_2025_TBC_GAME_LOG,matched,1,Exact date/opponent match to public game log,True
ATT_TP_2025_034,TP_2025_034,2025,2025-06-17,Chattanooga,3646,SRC_2025_TBC_GAME_LOG,matched,1,Exact date/opponent match to public game log,True
ATT_TP_2025_035,TP_2025_035,2025,2025-06-18,Chattanooga,,,unmatched,,"No exact date/opponent match to public game log; schedule change, postponement, doubleheader, or unmatched public record",True
ATT_TP_2025_036,TP_2025_036,2025,2025-06-19,Chattanooga,7460,SRC_2025_TBC_GAME_LOG,matched,2,Exact date/opponent match to public game log,True
ATT_TP_2025_037,TP_2025_037,2025,2025-06-20,Chattanooga,6007,SRC_2025_TBC_GAME_LOG,matched,1,Exact date/opponent match to public game log,True
ATT_TP_2025_038,TP_2025_038,2025,2025-06-21,Chattanooga,5304,SRC_2025_TBC_GAME_LOG,matched,2,Exact date/opponent match to public game log,True
ATT_TP_2025_039,TP_2025_039,2025,2025-06-22,Chattanooga,3749,SRC_2025_TBC_GAME_LOG,matched,1,Exact date/opponent match to public game log,True
ATT_TP_2025_040,TP_2025_040,2025,2025-07-01,Tennessee,3638,SRC_2025_TBC_GAME_LOG,matched,1,Exact date/opponent match to public game log,True
ATT_TP_2025_041,TP_2025_041,2025,2025-07-02,Tennessee,3665,SRC_2025_TBC_GAME_LOG,matched,1,Exact date/opponent match to public game log,True
ATT_TP_2025_042,TP_2025_042,2025,2025-07-03,Tennessee,7157,SRC_2025_TBC_GAME_LOG,matched,1,Exact date/opponent match to public game log,True
ATT_TP_2025_043,TP_2025_043,2025,2025-07-18,Columbus,6491,SRC_2025_TBC_GAME_LOG,matched,1,Exact date/opponent match to public game log,True
ATT_TP_2025_044,TP_2025_044,2025,2025-07-19,Columbus,,,unmatched,,"No exact date/opponent match to public game log; schedule change, postponement, doubleheader, or unmatched public record",True
ATT_TP_2025_045,TP_2025_045,2025,2025-07-20,Columbus,3606,SRC_2025_TBC_GAME_LOG,matched,2,Exact date/opponent match to public game log,True
ATT_TP_2025_046,TP_2025_046,2025,2025-07-29,Birmingham,3414,SRC_2025_TBC_GAME_LOG,matched,1,Exact date/opponent match to public game log,True
ATT_TP_2025_047,TP_2025_047,2025,2025-07-30,Birmingham,3214,SRC_2025_TBC_GAME_LOG,matched,1,Exact date/opponent match to public game log,True
ATT_TP_2025_048,TP_2025_048,2025,2025-07-31,Birmingham,3529,SRC_2025_TBC_GAME_LOG,matched,1,Exact date/opponent match to public game log,True
ATT_TP_2025_049,TP_2025_049,2025,2025-08-01,Birmingham,5812,SRC_2025_TBC_GAME_LOG,matched,1,Exact date/opponent match to public game log,True
ATT_TP_2025_050,TP_2025_050,2025,2025-08-02,Birmingham,5325,SRC_2025_TBC_GAME_LOG,matched,1,Exact date/opponent match to public game log,True
ATT_TP_2025_051,TP_2025_051,2025,2025-08-03,Birmingham,2952,SRC_2025_TBC_GAME_LOG,matched,1,Exact date/opponent match to public game log,True
ATT_TP_2025_052,TP_2025_052,2025,2025-08-12,Tennessee,3258,SRC_2025_TBC_GAME_LOG,matched,1,Exact date/opponent match to public game log,True
ATT_TP_2025_053,TP_2025_053,2025,2025-08-13,Tennessee,3274,SRC_2025_TBC_GAME_LOG,matched,1,Exact date/opponent match to public game log,True
ATT_TP_2025_054,TP_2025_054,2025,2025-08-14,Tennessee,3539,SRC_2025_TBC_GAME_LOG,matched,1,Exact date/opponent match to public game log,True
ATT_TP_2025_055,TP_2025_055,2025,2025-08-15,Tennessee,5013,SRC_2025_TBC_GAME_LOG,matched,1,Exact date/opponent match to public game log,True
ATT_TP_2025_056,TP_2025_056,2025,2025-08-16,Tennessee,5366,SRC_2025_TBC_GAME_LOG,matched,1,Exact date/opponent match to public game log,True
ATT_TP_2025_057,TP_2025_057,2025,2025-08-17,Tennessee,3428,SRC_2025_TBC_GAME_LOG,matched,1,Exact date/opponent match to public game log,True
ATT_TP_2025_058,TP_2025_058,2025,2025-08-26,Columbus,3277,SRC_2025_TBC_GAME_LOG,matched,1,Exact date/opponent match to public game log,True
ATT_TP_2025_059,TP_2025_059,2025,2025-08-27,Columbus,3411,SRC_2025_TBC_GAME_LOG,matched,1,Exact date/opponent match to public game log,True
ATT_TP_2025_060,TP_2025_060,2025,2025-08-28,Columbus,4846,SRC_2025_TBC_GAME_LOG,matched,1,Exact date/opponent match to public game log,True
ATT_TP_2025_061,TP_2025_061,2025,2025-08-29,Columbus,3918,SRC_2025_TBC_GAME_LOG,matched,1,Exact date/opponent match to public game log,True
ATT_TP_2025_062,TP_2025_062,2025,2025-08-30,Columbus,5526,SRC_2025_TBC_GAME_LOG,matched,1,Exact date/opponent match to public game log,True
ATT_TP_2025_063,TP_2025_063,2025,2025-08-31,Columbus,3105,SRC_2025_TBC_GAME_LOG,matched,1,Exact date/opponent match to public game log,True
ATT_TP_2025_064,TP_2025_064,2025,2025-09-09,Chattanooga,3566,SRC_2025_TBC_GAME_LOG,matched,1,Exact date/opponent match to public game log,True
ATT_TP_2025_065,TP_2025_065,2025,2025-09-10,Chattanooga,3102,SRC_2025_TBC_GAME_LOG,matched,1,Exact date/opponent match to public game log,True
ATT_TP_2025_066,TP_2025_066,2025,2025-09-11,Chattanooga,4324,SRC_2025_TBC_GAME_LOG,matched,1,Exact date/opponent match to public game log,True
ATT_TP_2025_067,TP_2025_067,2025,2025-09-12,Chattanooga,4810,SRC_2025_TBC_GAME_LOG,matched,1,Exact date/opponent match to public game log,True
ATT_TP_2025_068,TP_2025_068,2025,2025-09-13,Chattanooga,5458,SRC_2025_TBC_GAME_LOG,matched,1,Exact date/opponent match to public game log,True
ATT_TP_2025_069,TP_2025_069,2025,2025-09-14,Chattanooga,4588,SRC_2025_TBC_GAME_LOG,matched,1,Exact date/opponent match to public game log,True
