promo_id,game_id,season,game_date,promo_name,promo_category,promo_type,primary_promo_flag,sponsor_attached_flag,giveaway_flag,fireworks_flag,theme_night_flag,family_flag,dog_day_flag,jersey_auction_flag,expected_fan_segment,source_id,public_data_flag,notes
PROMO_00001,TP_2023_001,2023,2023-04-06,Pregame Happy Hour,weekly_promo,happy_hour,True,False,False,False,False,False,False,False,adult_social_fans,SRC_2023_WEEKLY_PROMOS,True,2023 Thursday weekly promotion
PROMO_00002,TP_2023_001,2023,2023-04-06,Burgers and Buds Thursday,weekly_promo,concession_value_offer,False,False,False,False,False,False,False,False,concession_value_seekers,SRC_2023_WEEKLY_PROMOS,True,2023 Thursday concession offer
PROMO_00003,TP_2023_002,2023,2023-04-07,Postgame Fireworks,fireworks,fireworks,True,False,False,True,False,False,False,False,families,SRC_2023_WEEKLY_PROMOS,True,2023 Friday and Saturday fireworks
PROMO_00004,TP_2023_003,2023,2023-04-08,Postgame Fireworks,fireworks,fireworks,True,False,False,True,False,False,False,False,families,SRC_2023_WEEKLY_PROMOS,True,2023 Friday and Saturday fireworks
PROMO_00005,TP_2023_004,2023,2023-04-18,Ladies Night,weekly_promo,ladies_night,True,False,False,False,False,False,False,False,adult_social_fans,SRC_2023_WEEKLY_PROMOS,True,2023 Tuesday weekly promotion
PROMO_00006,TP_2023_006,2023,2023-04-20,Pregame Happy Hour,weekly_promo,happy_hour,True,False,False,False,False,False,False,False,adult_social_fans,SRC_2023_WEEKLY_PROMOS,True,2023 Thursday weekly promotion
PROMO_00007,TP_2023_006,2023,2023-04-20,Burgers and Buds Thursday,weekly_promo,concession_value_offer,False,False,False,False,False,False,False,False,concession_value_seekers,SRC_2023_WEEKLY_PROMOS,True,2023 Thursday concession offer
PROMO_00008,TP_2023_007,2023,2023-04-21,Postgame Fireworks,fireworks,fireworks,True,False,False,True,False,False,False,False,families,SRC_2023_WEEKLY_PROMOS,True,2023 Friday and Saturday fireworks
PROMO_00009,TP_2023_008,2023,2023-04-22,Postgame Fireworks,fireworks,fireworks,True,False,False,True,False,False,False,False,families,SRC_2023_WEEKLY_PROMOS,True,2023 Friday and Saturday fireworks
PROMO_00010,TP_2023_009,2023,2023-04-23,Kids Run The Bases,family,kids_run_bases,True,False,False,False,False,True,False,False,families,SRC_2023_WEEKLY_PROMOS,True,2023 Sunday weekly promotion
PROMO_00011,TP_2023_009,2023,2023-04-23,Military Sunday,community,military_recognition,False,False,False,False,False,False,False,False,military_families,SRC_2023_WEEKLY_PROMOS,True,2023 Sunday military recognition
PROMO_00012,TP_2023_010,2023,2023-05-02,Ladies Night,weekly_promo,ladies_night,True,False,False,False,False,False,False,False,adult_social_fans,SRC_2023_WEEKLY_PROMOS,True,2023 Tuesday weekly promotion
PROMO_00013,TP_2023_012,2023,2023-05-04,Pregame Happy Hour,weekly_promo,happy_hour,True,False,False,False,False,False,False,False,adult_social_fans,SRC_2023_WEEKLY_PROMOS,True,2023 Thursday weekly promotion
PROMO_00014,TP_2023_012,2023,2023-05-04,Burgers and Buds Thursday,weekly_promo,concession_value_offer,False,False,False,False,False,False,False,False,concession_value_seekers,SRC_2023_WEEKLY_PROMOS,True,2023 Thursday concession offer
PROMO_00015,TP_2023_013,2023,2023-05-05,Postgame Fireworks,fireworks,fireworks,True,False,False,True,False,False,False,False,families,SRC_2023_WEEKLY_PROMOS,True,2023 Friday and Saturday fireworks
PROMO_00016,TP_2023_014,2023,2023-05-06,Postgame Fireworks,fireworks,fireworks,True,False,False,True,False,False,False,False,families,SRC_2023_WEEKLY_PROMOS,True,2023 Friday and Saturday fireworks
PROMO_00017,TP_2023_015,2023,2023-05-07,Kids Run The Bases,family,kids_run_bases,True,False,False,False,False,True,False,False,families,SRC_2023_WEEKLY_PROMOS,True,2023 Sunday weekly promotion
PROMO_00018,TP_2023_015,2023,2023-05-07,Military Sunday,community,military_recognition,False,False,False,False,False,False,False,False,military_families,SRC_2023_WEEKLY_PROMOS,True,2023 Sunday military recognition
PROMO_00019,TP_2023_016,2023,2023-05-16,Ladies Night,weekly_promo,ladies_night,True,False,False,False,False,False,False,False,adult_social_fans,SRC_2023_WEEKLY_PROMOS,True,2023 Tuesday weekly promotion
PROMO_00020,TP_2023_017,2023,2023-05-17,All You Can Eat Wednesday,weekly_promo,concession_value_offer,True,False,False,False,False,False,False,False,value_seekers,SRC_2023_WEEKLY_PROMOS,True,2023 Wednesday weekly promotion excluding Education Days
PROMO_00021,TP_2023_017,2023,2023-05-17,Dog Days,weekly_promo,dog_day,False,False,False,False,False,False,True,False,dog_owners,SRC_2023_WEEKLY_PROMOS,True,2023 Wednesday Dog Days excluding Education Days
PROMO_00022,TP_2023_018,2023,2023-05-18,Pregame Happy Hour,weekly_promo,happy_hour,True,False,False,False,False,False,False,False,adult_social_fans,SRC_2023_WEEKLY_PROMOS,True,2023 Thursday weekly promotion
PROMO_00023,TP_2023_018,2023,2023-05-18,Burgers and Buds Thursday,weekly_promo,concession_value_offer,False,False,False,False,False,False,False,False,concession_value_seekers,SRC_2023_WEEKLY_PROMOS,True,2023 Thursday concession offer
PROMO_00024,TP_2023_019,2023,2023-05-19,Postgame Fireworks,fireworks,fireworks,True,False,False,True,False,False,False,False,families,SRC_2023_WEEKLY_PROMOS,True,2023 Friday and Saturday fireworks
PROMO_00025,TP_2023_020,2023,2023-05-20,Postgame Fireworks,fireworks,fireworks,True,False,False,True,False,False,False,False,families,SRC_2023_WEEKLY_PROMOS,True,2023 Friday and Saturday fireworks
PROMO_00026,TP_2023_021,2023,2023-05-21,Kids Run The Bases,family,kids_run_bases,True,False,False,False,False,True,False,False,families,SRC_2023_WEEKLY_PROMOS,True,2023 Sunday weekly promotion
PROMO_00027,TP_2023_021,2023,2023-05-21,Military Sunday,community,military_recognition,False,False,False,False,False,False,False,False,military_families,SRC_2023_WEEKLY_PROMOS,True,2023 Sunday military recognition
PROMO_00028,TP_2023_022,2023,2023-05-23,Ladies Night,weekly_promo,ladies_night,True,False,False,False,False,False,False,False,adult_social_fans,SRC_2023_WEEKLY_PROMOS,True,2023 Tuesday weekly promotion
PROMO_00029,TP_2023_023,2023,2023-05-24,All You Can Eat Wednesday,weekly_promo,concession_value_offer,True,False,False,False,False,False,False,False,value_seekers,SRC_2023_WEEKLY_PROMOS,True,2023 Wednesday weekly promotion excluding Education Days
PROMO_00030,TP_2023_023,2023,2023-05-24,Dog Days,weekly_promo,dog_day,False,False,False,False,False,False,True,False,dog_owners,SRC_2023_WEEKLY_PROMOS,True,2023 Wednesday Dog Days excluding Education Days
PROMO_00031,TP_2023_024,2023,2023-05-25,Pregame Happy Hour,weekly_promo,happy_hour,True,False,False,False,False,False,False,False,adult_social_fans,SRC_2023_WEEKLY_PROMOS,True,2023 Thursday weekly promotion
PROMO_00032,TP_2023_024,2023,2023-05-25,Burgers and Buds Thursday,weekly_promo,concession_value_offer,False,False,False,False,False,False,False,False,concession_value_seekers,SRC_2023_WEEKLY_PROMOS,True,2023 Thursday concession offer
PROMO_00033,TP_2023_025,2023,2023-05-26,Postgame Fireworks,fireworks,fireworks,True,False,False,True,False,False,False,False,families,SRC_2023_WEEKLY_PROMOS,True,2023 Friday and Saturday fireworks
PROMO_00034,TP_2023_026,2023,2023-05-27,Postgame Fireworks,fireworks,fireworks,True,False,False,True,False,False,False,False,families,SRC_2023_WEEKLY_PROMOS,True,2023 Friday and Saturday fireworks
PROMO_00035,TP_2023_027,2023,2023-05-28,Kids Run The Bases,family,kids_run_bases,True,False,False,False,False,True,False,False,families,SRC_2023_WEEKLY_PROMOS,True,2023 Sunday weekly promotion
PROMO_00036,TP_2023_027,2023,2023-05-28,Military Sunday,community,military_recognition,False,False,False,False,False,False,False,False,military_families,SRC_2023_WEEKLY_PROMOS,True,2023 Sunday military recognition
PROMO_00037,TP_2023_028,2023,2023-06-06,Ladies Night,weekly_promo,ladies_night,True,False,False,False,False,False,False,False,adult_social_fans,SRC_2023_WEEKLY_PROMOS,True,2023 Tuesday weekly promotion
PROMO_00038,TP_2023_029,2023,2023-06-07,All You Can Eat Wednesday,weekly_promo,concession_value_offer,True,False,False,False,False,False,False,False,value_seekers,SRC_2023_WEEKLY_PROMOS,True,2023 Wednesday weekly promotion excluding Education Days
PROMO_00039,TP_2023_029,2023,2023-06-07,Dog Days,weekly_promo,dog_day,False,False,False,False,False,False,True,False,dog_owners,SRC_2023_WEEKLY_PROMOS,True,2023 Wednesday Dog Days excluding Education Days
PROMO_00040,TP_2023_030,2023,2023-06-08,Pregame Happy Hour,weekly_promo,happy_hour,True,False,False,False,False,False,False,False,adult_social_fans,SRC_2023_WEEKLY_PROMOS,True,2023 Thursday weekly promotion
PROMO_00041,TP_2023_030,2023,2023-06-08,Burgers and Buds Thursday,weekly_promo,concession_value_offer,False,False,False,False,False,False,False,False,concession_value_seekers,SRC_2023_WEEKLY_PROMOS,True,2023 Thursday concession offer
PROMO_00042,TP_2023_031,2023,2023-06-09,Postgame Fireworks,fireworks,fireworks,True,False,False,True,False,False,False,False,families,SRC_2023_WEEKLY_PROMOS,True,2023 Friday and Saturday fireworks
PROMO_00043,TP_2023_032,2023,2023-06-10,Postgame Fireworks,fireworks,fireworks,True,False,False,True,False,False,False,False,families,SRC_2023_WEEKLY_PROMOS,True,2023 Friday and Saturday fireworks
PROMO_00044,TP_2023_033,2023,2023-06-11,Kids Run The Bases,family,kids_run_bases,True,False,False,False,False,True,False,False,families,SRC_2023_WEEKLY_PROMOS,True,2023 Sunday weekly promotion
PROMO_00045,TP_2023_033,2023,2023-06-11,Military Sunday,community,military_recognition,False,False,False,False,False,False,False,False,military_families,SRC_2023_WEEKLY_PROMOS,True,2023 Sunday military recognition
PROMO_00046,TP_2023_034,2023,2023-06-20,Ladies Night,weekly_promo,ladies_night,True,False,False,False,False,False,False,False,adult_social_fans,SRC_2023_WEEKLY_PROMOS,True,2023 Tuesday weekly promotion
PROMO_00047,TP_2023_035,2023,2023-06-21,All You Can Eat Wednesday,weekly_promo,concession_value_offer,True,False,False,False,False,False,False,False,value_seekers,SRC_2023_WEEKLY_PROMOS,True,2023 Wednesday weekly promotion excluding Education Days
PROMO_00048,TP_2023_035,2023,2023-06-21,Dog Days,weekly_promo,dog_day,False,False,False,False,False,False,True,False,dog_owners,SRC_2023_WEEKLY_PROMOS,True,2023 Wednesday Dog Days excluding Education Days
PROMO_00049,TP_2023_036,2023,2023-06-22,Pregame Happy Hour,weekly_promo,happy_hour,True,False,False,False,False,False,False,False,adult_social_fans,SRC_2023_WEEKLY_PROMOS,True,2023 Thursday weekly promotion
PROMO_00050,TP_2023_036,2023,2023-06-22,Burgers and Buds Thursday,weekly_promo,concession_value_offer,False,False,False,False,False,False,False,False,concession_value_seekers,SRC_2023_WEEKLY_PROMOS,True,2023 Thursday concession offer
PROMO_00051,TP_2023_037,2023,2023-06-23,Postgame Fireworks,fireworks,fireworks,True,False,False,True,False,False,False,False,families,SRC_2023_WEEKLY_PROMOS,True,2023 Friday and Saturday fireworks
PROMO_00052,TP_2023_038,2023,2023-06-24,Postgame Fireworks,fireworks,fireworks,True,False,False,True,False,False,False,False,families,SRC_2023_WEEKLY_PROMOS,True,2023 Friday and Saturday fireworks
PROMO_00053,TP_2023_039,2023,2023-06-25,Kids Run The Bases,family,kids_run_bases,True,False,False,False,False,True,False,False,families,SRC_2023_WEEKLY_PROMOS,True,2023 Sunday weekly promotion
PROMO_00054,TP_2023_039,2023,2023-06-25,Military Sunday,community,military_recognition,False,False,False,False,False,False,False,False,military_families,SRC_2023_WEEKLY_PROMOS,True,2023 Sunday military recognition
PROMO_00055,TP_2023_040,2023,2023-07-04,Ladies Night,weekly_promo,ladies_night,True,False,False,False,False,False,False,False,adult_social_fans,SRC_2023_WEEKLY_PROMOS,True,2023 Tuesday weekly promotion
PROMO_00056,TP_2023_041,2023,2023-07-05,All You Can Eat Wednesday,weekly_promo,concession_value_offer,True,False,False,False,False,False,False,False,value_seekers,SRC_2023_WEEKLY_PROMOS,True,2023 Wednesday weekly promotion excluding Education Days
PROMO_00057,TP_2023_041,2023,2023-07-05,Dog Days,weekly_promo,dog_day,False,False,False,False,False,False,True,False,dog_owners,SRC_2023_WEEKLY_PROMOS,True,2023 Wednesday Dog Days excluding Education Days
PROMO_00058,TP_2023_042,2023,2023-07-06,Pregame Happy Hour,weekly_promo,happy_hour,True,False,False,False,False,False,False,False,adult_social_fans,SRC_2023_WEEKLY_PROMOS,True,2023 Thursday weekly promotion
PROMO_00059,TP_2023_042,2023,2023-07-06,Burgers and Buds Thursday,weekly_promo,concession_value_offer,False,False,False,False,False,False,False,False,concession_value_seekers,SRC_2023_WEEKLY_PROMOS,True,2023 Thursday concession offer
PROMO_00060,TP_2023_043,2023,2023-07-07,Postgame Fireworks,fireworks,fireworks,True,False,False,True,False,False,False,False,families,SRC_2023_WEEKLY_PROMOS,True,2023 Friday and Saturday fireworks
PROMO_00061,TP_2023_044,2023,2023-07-08,Postgame Fireworks,fireworks,fireworks,True,False,False,True,False,False,False,False,families,SRC_2023_WEEKLY_PROMOS,True,2023 Friday and Saturday fireworks
PROMO_00062,TP_2023_045,2023,2023-07-09,Kids Run The Bases,family,kids_run_bases,True,False,False,False,False,True,False,False,families,SRC_2023_WEEKLY_PROMOS,True,2023 Sunday weekly promotion
PROMO_00063,TP_2023_045,2023,2023-07-09,Military Sunday,community,military_recognition,False,False,False,False,False,False,False,False,military_families,SRC_2023_WEEKLY_PROMOS,True,2023 Sunday military recognition
PROMO_00064,TP_2023_046,2023,2023-07-25,Ladies Night,weekly_promo,ladies_night,True,False,False,False,False,False,False,False,adult_social_fans,SRC_2023_WEEKLY_PROMOS,True,2023 Tuesday weekly promotion
PROMO_00065,TP_2023_047,2023,2023-07-26,All You Can Eat Wednesday,weekly_promo,concession_value_offer,True,False,False,False,False,False,False,False,value_seekers,SRC_2023_WEEKLY_PROMOS,True,2023 Wednesday weekly promotion excluding Education Days
PROMO_00066,TP_2023_047,2023,2023-07-26,Dog Days,weekly_promo,dog_day,False,False,False,False,False,False,True,False,dog_owners,SRC_2023_WEEKLY_PROMOS,True,2023 Wednesday Dog Days excluding Education Days
PROMO_00067,TP_2023_048,2023,2023-07-27,Pregame Happy Hour,weekly_promo,happy_hour,True,False,False,False,False,False,False,False,adult_social_fans,SRC_2023_WEEKLY_PROMOS,True,2023 Thursday weekly promotion
PROMO_00068,TP_2023_048,2023,2023-07-27,Burgers and Buds Thursday,weekly_promo,concession_value_offer,False,False,False,False,False,False,False,False,concession_value_seekers,SRC_2023_WEEKLY_PROMOS,True,2023 Thursday concession offer
PROMO_00069,TP_2023_049,2023,2023-07-28,Postgame Fireworks,fireworks,fireworks,True,False,False,True,False,False,False,False,families,SRC_2023_WEEKLY_PROMOS,True,2023 Friday and Saturday fireworks
PROMO_00070,TP_2023_050,2023,2023-07-29,Postgame Fireworks,fireworks,fireworks,True,False,False,True,False,False,False,False,families,SRC_2023_WEEKLY_PROMOS,True,2023 Friday and Saturday fireworks
PROMO_00071,TP_2023_051,2023,2023-07-30,Kids Run The Bases,family,kids_run_bases,True,False,False,False,False,True,False,False,families,SRC_2023_WEEKLY_PROMOS,True,2023 Sunday weekly promotion
PROMO_00072,TP_2023_051,2023,2023-07-30,Military Sunday,community,military_recognition,False,False,False,False,False,False,False,False,military_families,SRC_2023_WEEKLY_PROMOS,True,2023 Sunday military recognition
PROMO_00073,TP_2023_052,2023,2023-08-08,Ladies Night,weekly_promo,ladies_night,True,False,False,False,False,False,False,False,adult_social_fans,SRC_2023_WEEKLY_PROMOS,True,2023 Tuesday weekly promotion
PROMO_00074,TP_2023_053,2023,2023-08-09,All You Can Eat Wednesday,weekly_promo,concession_value_offer,True,False,False,False,False,False,False,False,value_seekers,SRC_2023_WEEKLY_PROMOS,True,2023 Wednesday weekly promotion excluding Education Days
PROMO_00075,TP_2023_053,2023,2023-08-09,Dog Days,weekly_promo,dog_day,False,False,False,False,False,False,True,False,dog_owners,SRC_2023_WEEKLY_PROMOS,True,2023 Wednesday Dog Days excluding Education Days
PROMO_00076,TP_2023_054,2023,2023-08-10,Pregame Happy Hour,weekly_promo,happy_hour,True,False,False,False,False,False,False,False,adult_social_fans,SRC_2023_WEEKLY_PROMOS,True,2023 Thursday weekly promotion
PROMO_00077,TP_2023_054,2023,2023-08-10,Burgers and Buds Thursday,weekly_promo,concession_value_offer,False,False,False,False,False,False,False,False,concession_value_seekers,SRC_2023_WEEKLY_PROMOS,True,2023 Thursday concession offer
PROMO_00078,TP_2023_055,2023,2023-08-11,Postgame Fireworks,fireworks,fireworks,True,False,False,True,False,False,False,False,families,SRC_2023_WEEKLY_PROMOS,True,2023 Friday and Saturday fireworks
PROMO_00079,TP_2023_056,2023,2023-08-12,Postgame Fireworks,fireworks,fireworks,True,False,False,True,False,False,False,False,families,SRC_2023_WEEKLY_PROMOS,True,2023 Friday and Saturday fireworks
PROMO_00080,TP_2023_057,2023,2023-08-13,Kids Run The Bases,family,kids_run_bases,True,False,False,False,False,True,False,False,families,SRC_2023_WEEKLY_PROMOS,True,2023 Sunday weekly promotion
PROMO_00081,TP_2023_057,2023,2023-08-13,Military Sunday,community,military_recognition,False,False,False,False,False,False,False,False,military_families,SRC_2023_WEEKLY_PROMOS,True,2023 Sunday military recognition
PROMO_00082,TP_2023_058,2023,2023-08-22,Ladies Night,weekly_promo,ladies_night,True,False,False,False,False,False,False,False,adult_social_fans,SRC_2023_WEEKLY_PROMOS,True,2023 Tuesday weekly promotion
PROMO_00083,TP_2023_059,2023,2023-08-23,All You Can Eat Wednesday,weekly_promo,concession_value_offer,True,False,False,False,False,False,False,False,value_seekers,SRC_2023_WEEKLY_PROMOS,True,2023 Wednesday weekly promotion excluding Education Days
PROMO_00084,TP_2023_059,2023,2023-08-23,Dog Days,weekly_promo,dog_day,False,False,False,False,False,False,True,False,dog_owners,SRC_2023_WEEKLY_PROMOS,True,2023 Wednesday Dog Days excluding Education Days
PROMO_00085,TP_2023_060,2023,2023-08-24,Pregame Happy Hour,weekly_promo,happy_hour,True,False,False,False,False,False,False,False,adult_social_fans,SRC_2023_WEEKLY_PROMOS,True,2023 Thursday weekly promotion
PROMO_00086,TP_2023_060,2023,2023-08-24,Burgers and Buds Thursday,weekly_promo,concession_value_offer,False,False,False,False,False,False,False,False,concession_value_seekers,SRC_2023_WEEKLY_PROMOS,True,2023 Thursday concession offer
PROMO_00087,TP_2023_061,2023,2023-08-25,Postgame Fireworks,fireworks,fireworks,True,False,False,True,False,False,False,False,families,SRC_2023_WEEKLY_PROMOS,True,2023 Friday and Saturday fireworks
PROMO_00088,TP_2023_062,2023,2023-08-26,Postgame Fireworks,fireworks,fireworks,True,False,False,True,False,False,False,False,families,SRC_2023_WEEKLY_PROMOS,True,2023 Friday and Saturday fireworks
PROMO_00089,TP_2023_063,2023,2023-08-27,Kids Run The Bases,family,kids_run_bases,True,False,False,False,False,True,False,False,families,SRC_2023_WEEKLY_PROMOS,True,2023 Sunday weekly promotion
PROMO_00090,TP_2023_063,2023,2023-08-27,Military Sunday,community,military_recognition,False,False,False,False,False,False,False,False,military_families,SRC_2023_WEEKLY_PROMOS,True,2023 Sunday military recognition
PROMO_00091,TP_2023_064,2023,2023-09-05,Ladies Night,weekly_promo,ladies_night,True,False,False,False,False,False,False,False,adult_social_fans,SRC_2023_WEEKLY_PROMOS,True,2023 Tuesday weekly promotion
PROMO_00092,TP_2023_066,2023,2023-09-07,Pregame Happy Hour,weekly_promo,happy_hour,True,False,False,False,False,False,False,False,adult_social_fans,SRC_2023_WEEKLY_PROMOS,True,2023 Thursday weekly promotion
PROMO_00093,TP_2023_066,2023,2023-09-07,Burgers and Buds Thursday,weekly_promo,concession_value_offer,False,False,False,False,False,False,False,False,concession_value_seekers,SRC_2023_WEEKLY_PROMOS,True,2023 Thursday concession offer
PROMO_00094,TP_2023_067,2023,2023-09-08,Postgame Fireworks,fireworks,fireworks,True,False,False,True,False,False,False,False,families,SRC_2023_WEEKLY_PROMOS,True,2023 Friday and Saturday fireworks
PROMO_00095,TP_2023_068,2023,2023-09-09,Postgame Fireworks,fireworks,fireworks,True,False,False,True,False,False,False,False,families,SRC_2023_WEEKLY_PROMOS,True,2023 Friday and Saturday fireworks
PROMO_00096,TP_2023_069,2023,2023-09-10,Kids Run The Bases,family,kids_run_bases,True,False,False,False,False,True,False,False,families,SRC_2023_WEEKLY_PROMOS,True,2023 Sunday weekly promotion
PROMO_00097,TP_2023_069,2023,2023-09-10,Military Sunday,community,military_recognition,False,False,False,False,False,False,False,False,military_families,SRC_2023_WEEKLY_PROMOS,True,2023 Sunday military recognition
PROMO_00098,TP_2024_001,2024,2024-04-09,Ladies Night,weekly_promo,ladies_night,True,False,False,False,False,False,False,False,adult_social_fans,SRC_2024_WEEKLY_PROMOS,True,2024 Tuesday weekly promotion
PROMO_00099,TP_2024_001,2024,2024-04-09,Postgame Fireworks,fireworks,fireworks,True,False,False,True,False,False,False,False,families,SRC_2024_SCHEDULE_RELEASE,True,2024 fireworks from official schedule release
PROMO_00100,TP_2024_002,2024,2024-04-10,Dog Days,weekly_promo,dog_day,True,False,False,False,False,False,True,False,dog_owners,SRC_2024_DOG_DAYS,True,Exact 2024 Dog Days date
PROMO_00101,TP_2024_002,2024,2024-04-10,Ben Joyce Bobblehead,bobblehead_giveaway,giveaway,False,False,True,False,True,False,False,False,collectors,SRC_2024_PREMIUM_GIVEAWAYS,True,2024 premium giveaway date
PROMO_00102,TP_2024_003,2024,2024-04-11,Extended Happy Hour,weekly_promo,happy_hour,True,False,False,False,False,False,False,False,adult_social_fans,SRC_2024_WEEKLY_PROMOS,True,2024 Thursday weekly promotion
PROMO_00103,TP_2024_004,2024,2024-04-12,Postgame Fireworks,fireworks,fireworks,True,False,False,True,False,False,False,False,families,SRC_2024_SCHEDULE_RELEASE,True,2024 fireworks from official schedule release
PROMO_00104,TP_2024_005,2024,2024-04-13,Postgame Fireworks,fireworks,fireworks,True,False,False,True,False,False,False,False,families,SRC_2024_SCHEDULE_RELEASE,True,2024 fireworks from official schedule release
PROMO_00105,TP_2024_006,2024,2024-04-14,Kids Run The Bases,family,kids_run_bases,True,False,False,False,False,True,False,False,families,SRC_2024_WEEKLY_PROMOS,True,2024 Sunday weekly promotion
PROMO_00106,TP_2024_007,2024,2024-04-23,Ladies Night,weekly_promo,ladies_night,True,False,False,False,False,False,False,False,adult_social_fans,SRC_2024_WEEKLY_PROMOS,True,2024 Tuesday weekly promotion
PROMO_00107,TP_2024_009,2024,2024-04-25,Extended Happy Hour,weekly_promo,happy_hour,True,False,False,False,False,False,False,False,adult_social_fans,SRC_2024_WEEKLY_PROMOS,True,2024 Thursday weekly promotion
PROMO_00108,TP_2024_010,2024,2024-04-26,Postgame Fireworks,fireworks,fireworks,True,False,False,True,False,False,False,False,families,SRC_2024_SCHEDULE_RELEASE,True,2024 fireworks from official schedule release
PROMO_00109,TP_2024_011,2024,2024-04-27,Postgame Fireworks,fireworks,fireworks,True,False,False,True,False,False,False,False,families,SRC_2024_SCHEDULE_RELEASE,True,2024 fireworks from official schedule release
PROMO_00110,TP_2024_012,2024,2024-04-28,Kids Run The Bases,family,kids_run_bases,True,False,False,False,False,True,False,False,families,SRC_2024_WEEKLY_PROMOS,True,2024 Sunday weekly promotion
PROMO_00111,TP_2024_013,2024,2024-05-07,Ladies Night,weekly_promo,ladies_night,True,False,False,False,False,False,False,False,adult_social_fans,SRC_2024_WEEKLY_PROMOS,True,2024 Tuesday weekly promotion
PROMO_00112,TP_2024_013,2024,2024-05-07,Nolan Schanuel Bobblehead,bobblehead_giveaway,giveaway,False,False,True,False,True,False,False,False,collectors,SRC_2024_PREMIUM_GIVEAWAYS,True,2024 premium giveaway date
PROMO_00113,TP_2024_015,2024,2024-05-09,Extended Happy Hour,weekly_promo,happy_hour,True,False,False,False,False,False,False,False,adult_social_fans,SRC_2024_WEEKLY_PROMOS,True,2024 Thursday weekly promotion
PROMO_00114,TP_2024_016,2024,2024-05-10,Postgame Fireworks,fireworks,fireworks,True,False,False,True,False,False,False,False,families,SRC_2024_SCHEDULE_RELEASE,True,2024 fireworks from official schedule release
PROMO_00115,TP_2024_017,2024,2024-05-11,Postgame Fireworks,fireworks,fireworks,True,False,False,True,False,False,False,False,families,SRC_2024_SCHEDULE_RELEASE,True,2024 fireworks from official schedule release
PROMO_00116,TP_2024_018,2024,2024-05-12,Kids Run The Bases,family,kids_run_bases,True,False,False,False,False,True,False,False,families,SRC_2024_WEEKLY_PROMOS,True,2024 Sunday weekly promotion
PROMO_00117,TP_2024_019,2024,2024-05-21,Ladies Night,weekly_promo,ladies_night,True,False,False,False,False,False,False,False,adult_social_fans,SRC_2024_WEEKLY_PROMOS,True,2024 Tuesday weekly promotion
PROMO_00118,TP_2024_020,2024,2024-05-22,Dog Days,weekly_promo,dog_day,True,False,False,False,False,False,True,False,dog_owners,SRC_2024_DOG_DAYS,True,Exact 2024 Dog Days date
PROMO_00119,TP_2024_021,2024,2024-05-23,Extended Happy Hour,weekly_promo,happy_hour,True,False,False,False,False,False,False,False,adult_social_fans,SRC_2024_WEEKLY_PROMOS,True,2024 Thursday weekly promotion
PROMO_00120,TP_2024_022,2024,2024-05-24,Postgame Fireworks,fireworks,fireworks,True,False,False,True,False,False,False,False,families,SRC_2024_SCHEDULE_RELEASE,True,2024 fireworks from official schedule release
PROMO_00121,TP_2024_023,2024,2024-05-25,Postgame Fireworks,fireworks,fireworks,True,False,False,True,False,False,False,False,families,SRC_2024_SCHEDULE_RELEASE,True,2024 fireworks from official schedule release
PROMO_00122,TP_2024_024,2024,2024-05-26,Kids Run The Bases,family,kids_run_bases,True,False,False,False,False,True,False,False,families,SRC_2024_WEEKLY_PROMOS,True,2024 Sunday weekly promotion
PROMO_00123,TP_2024_025,2024,2024-06-04,Ladies Night,weekly_promo,ladies_night,True,False,False,False,False,False,False,False,adult_social_fans,SRC_2024_WEEKLY_PROMOS,True,2024 Tuesday weekly promotion
PROMO_00124,TP_2024_026,2024,2024-06-05,Dog Days,weekly_promo,dog_day,True,False,False,False,False,False,True,False,dog_owners,SRC_2024_DOG_DAYS,True,Exact 2024 Dog Days date
PROMO_00125,TP_2024_026,2024,2024-06-05,Sprocket Pencil Holder Bobblehead,bobblehead_giveaway,giveaway,False,False,True,False,True,False,False,False,collectors,SRC_2024_PREMIUM_GIVEAWAYS,True,2024 premium giveaway date
PROMO_00126,TP_2024_027,2024,2024-06-06,Extended Happy Hour,weekly_promo,happy_hour,True,False,False,False,False,False,False,False,adult_social_fans,SRC_2024_WEEKLY_PROMOS,True,2024 Thursday weekly promotion
PROMO_00127,TP_2024_028,2024,2024-06-07,Postgame Fireworks,fireworks,fireworks,True,False,False,True,False,False,False,False,families,SRC_2024_SCHEDULE_RELEASE,True,2024 fireworks from official schedule release
PROMO_00128,TP_2024_029,2024,2024-06-08,Postgame Fireworks,fireworks,fireworks,True,False,False,True,False,False,False,False,families,SRC_2024_SCHEDULE_RELEASE,True,2024 fireworks from official schedule release
PROMO_00129,TP_2024_030,2024,2024-06-09,Kids Run The Bases,family,kids_run_bases,True,False,False,False,False,True,False,False,families,SRC_2024_WEEKLY_PROMOS,True,2024 Sunday weekly promotion
PROMO_00130,TP_2024_031,2024,2024-06-18,Ladies Night,weekly_promo,ladies_night,True,False,False,False,False,False,False,False,adult_social_fans,SRC_2024_WEEKLY_PROMOS,True,2024 Tuesday weekly promotion
PROMO_00131,TP_2024_032,2024,2024-06-19,Dog Days,weekly_promo,dog_day,True,False,False,False,False,False,True,False,dog_owners,SRC_2024_DOG_DAYS,True,Exact 2024 Dog Days date
PROMO_00132,TP_2024_033,2024,2024-06-20,Extended Happy Hour,weekly_promo,happy_hour,True,False,False,False,False,False,False,False,adult_social_fans,SRC_2024_WEEKLY_PROMOS,True,2024 Thursday weekly promotion
PROMO_00133,TP_2024_034,2024,2024-06-21,Postgame Fireworks,fireworks,fireworks,True,False,False,True,False,False,False,False,families,SRC_2024_SCHEDULE_RELEASE,True,2024 fireworks from official schedule release
PROMO_00134,TP_2024_035,2024,2024-06-22,Postgame Fireworks,fireworks,fireworks,True,False,False,True,False,False,False,False,families,SRC_2024_SCHEDULE_RELEASE,True,2024 fireworks from official schedule release
PROMO_00135,TP_2024_036,2024,2024-06-23,Kids Run The Bases,family,kids_run_bases,True,False,False,False,False,True,False,False,families,SRC_2024_WEEKLY_PROMOS,True,2024 Sunday weekly promotion
PROMO_00136,TP_2024_036,2024,2024-06-23,Astronaut Racer Mae Bobblehead,bobblehead_giveaway,giveaway,False,False,True,False,True,False,False,False,collectors,SRC_2024_PREMIUM_GIVEAWAYS,True,2024 premium giveaway date
PROMO_00137,TP_2024_037,2024,2024-07-04,Extended Happy Hour,weekly_promo,happy_hour,True,False,False,False,False,False,False,False,adult_social_fans,SRC_2024_WEEKLY_PROMOS,True,2024 Thursday weekly promotion
PROMO_00138,TP_2024_037,2024,2024-07-04,Postgame Fireworks,fireworks,fireworks,True,False,False,True,False,False,False,False,families,SRC_2024_SCHEDULE_RELEASE,True,2024 fireworks from official schedule release
PROMO_00139,TP_2024_038,2024,2024-07-05,Postgame Fireworks,fireworks,fireworks,True,False,False,True,False,False,False,False,families,SRC_2024_SCHEDULE_RELEASE,True,2024 fireworks from official schedule release
PROMO_00140,TP_2024_039,2024,2024-07-06,Postgame Fireworks,fireworks,fireworks,True,False,False,True,False,False,False,False,families,SRC_2024_SCHEDULE_RELEASE,True,2024 fireworks from official schedule release
PROMO_00141,TP_2024_040,2024,2024-07-09,Ladies Night,weekly_promo,ladies_night,True,False,False,False,False,False,False,False,adult_social_fans,SRC_2024_WEEKLY_PROMOS,True,2024 Tuesday weekly promotion
PROMO_00142,TP_2024_041,2024,2024-07-10,Dog Days,weekly_promo,dog_day,True,False,False,False,False,False,True,False,dog_owners,SRC_2024_DOG_DAYS,True,Exact 2024 Dog Days date
PROMO_00143,TP_2024_042,2024,2024-07-11,Extended Happy Hour,weekly_promo,happy_hour,True,False,False,False,False,False,False,False,adult_social_fans,SRC_2024_WEEKLY_PROMOS,True,2024 Thursday weekly promotion
PROMO_00144,TP_2024_043,2024,2024-07-12,Postgame Fireworks,fireworks,fireworks,True,False,False,True,False,False,False,False,families,SRC_2024_SCHEDULE_RELEASE,True,2024 fireworks from official schedule release
PROMO_00145,TP_2024_044,2024,2024-07-13,Postgame Fireworks,fireworks,fireworks,True,False,False,True,False,False,False,False,families,SRC_2024_SCHEDULE_RELEASE,True,2024 fireworks from official schedule release
PROMO_00146,TP_2024_045,2024,2024-07-14,Kids Run The Bases,family,kids_run_bases,True,False,False,False,False,True,False,False,families,SRC_2024_WEEKLY_PROMOS,True,2024 Sunday weekly promotion
PROMO_00147,TP_2024_046,2024,2024-07-23,Ladies Night,weekly_promo,ladies_night,True,False,False,False,False,False,False,False,adult_social_fans,SRC_2024_WEEKLY_PROMOS,True,2024 Tuesday weekly promotion
PROMO_00148,TP_2024_047,2024,2024-07-24,Dog Days,weekly_promo,dog_day,True,False,False,False,False,False,True,False,dog_owners,SRC_2024_DOG_DAYS,True,Exact 2024 Dog Days date
PROMO_00149,TP_2024_048,2024,2024-07-25,Extended Happy Hour,weekly_promo,happy_hour,True,False,False,False,False,False,False,False,adult_social_fans,SRC_2024_WEEKLY_PROMOS,True,2024 Thursday weekly promotion
PROMO_00150,TP_2024_049,2024,2024-07-26,Postgame Fireworks,fireworks,fireworks,True,False,False,True,False,False,False,False,families,SRC_2024_SCHEDULE_RELEASE,True,2024 fireworks from official schedule release
PROMO_00151,TP_2024_050,2024,2024-07-27,Postgame Fireworks,fireworks,fireworks,True,False,False,True,False,False,False,False,families,SRC_2024_SCHEDULE_RELEASE,True,2024 fireworks from official schedule release
PROMO_00152,TP_2024_051,2024,2024-07-28,Kids Run The Bases,family,kids_run_bases,True,False,False,False,False,True,False,False,families,SRC_2024_WEEKLY_PROMOS,True,2024 Sunday weekly promotion
PROMO_00153,TP_2024_052,2024,2024-08-06,Ladies Night,weekly_promo,ladies_night,True,False,False,False,False,False,False,False,adult_social_fans,SRC_2024_WEEKLY_PROMOS,True,2024 Tuesday weekly promotion
PROMO_00154,TP_2024_052,2024,2024-08-06,Trash Pandas Jersey Giveaway,jersey_giveaway,giveaway,False,False,True,False,True,False,False,False,collectors,SRC_2024_PREMIUM_GIVEAWAYS,True,2024 premium giveaway date
PROMO_00155,TP_2024_053,2024,2024-08-07,Dog Days,weekly_promo,dog_day,True,False,False,False,False,False,True,False,dog_owners,SRC_2024_DOG_DAYS,True,Exact 2024 Dog Days date
PROMO_00156,TP_2024_054,2024,2024-08-08,Extended Happy Hour,weekly_promo,happy_hour,True,False,False,False,False,False,False,False,adult_social_fans,SRC_2024_WEEKLY_PROMOS,True,2024 Thursday weekly promotion
PROMO_00157,TP_2024_055,2024,2024-08-09,Postgame Fireworks,fireworks,fireworks,True,False,False,True,False,False,False,False,families,SRC_2024_SCHEDULE_RELEASE,True,2024 fireworks from official schedule release
PROMO_00158,TP_2024_056,2024,2024-08-10,Postgame Fireworks,fireworks,fireworks,True,False,False,True,False,False,False,False,families,SRC_2024_SCHEDULE_RELEASE,True,2024 fireworks from official schedule release
PROMO_00159,TP_2024_057,2024,2024-08-11,Kids Run The Bases,family,kids_run_bases,True,False,False,False,False,True,False,False,families,SRC_2024_WEEKLY_PROMOS,True,2024 Sunday weekly promotion
PROMO_00160,TP_2024_057,2024,2024-08-11,Lunaticos Sugar Skull Bobblehead,bobblehead_giveaway,giveaway,False,False,True,False,True,False,False,False,collectors,SRC_2024_PREMIUM_GIVEAWAYS,True,2024 premium giveaway date
PROMO_00161,TP_2024_058,2024,2024-08-27,Ladies Night,weekly_promo,ladies_night,True,False,False,False,False,False,False,False,adult_social_fans,SRC_2024_WEEKLY_PROMOS,True,2024 Tuesday weekly promotion
PROMO_00162,TP_2024_059,2024,2024-08-28,Dog Days,weekly_promo,dog_day,True,False,False,False,False,False,True,False,dog_owners,SRC_2024_DOG_DAYS,True,Exact 2024 Dog Days date
PROMO_00163,TP_2024_059,2024,2024-08-28,Trash Pandas Jersey Giveaway,jersey_giveaway,giveaway,False,False,True,False,True,False,False,False,collectors,SRC_2024_PREMIUM_GIVEAWAYS,True,2024 premium giveaway date
PROMO_00164,TP_2024_060,2024,2024-08-29,Extended Happy Hour,weekly_promo,happy_hour,True,False,False,False,False,False,False,False,adult_social_fans,SRC_2024_WEEKLY_PROMOS,True,2024 Thursday weekly promotion
PROMO_00165,TP_2024_061,2024,2024-08-30,Postgame Fireworks,fireworks,fireworks,True,False,False,True,False,False,False,False,families,SRC_2024_SCHEDULE_RELEASE,True,2024 fireworks from official schedule release
PROMO_00166,TP_2024_062,2024,2024-08-31,Postgame Fireworks,fireworks,fireworks,True,False,False,True,False,False,False,False,families,SRC_2024_SCHEDULE_RELEASE,True,2024 fireworks from official schedule release
PROMO_00167,TP_2024_063,2024,2024-09-01,Postgame Fireworks,fireworks,fireworks,True,False,False,True,False,False,False,False,families,SRC_2024_SCHEDULE_RELEASE,True,2024 fireworks from official schedule release
PROMO_00168,TP_2024_063,2024,2024-09-01,Kids Run The Bases,family,kids_run_bases,True,False,False,False,False,True,False,False,families,SRC_2024_WEEKLY_PROMOS,True,2024 Sunday weekly promotion
PROMO_00169,TP_2024_064,2024,2024-09-03,Ladies Night,weekly_promo,ladies_night,True,False,False,False,False,False,False,False,adult_social_fans,SRC_2024_WEEKLY_PROMOS,True,2024 Tuesday weekly promotion
PROMO_00170,TP_2024_065,2024,2024-09-04,Dog Days,weekly_promo,dog_day,True,False,False,False,False,False,True,False,dog_owners,SRC_2024_DOG_DAYS,True,Exact 2024 Dog Days date
PROMO_00171,TP_2024_066,2024,2024-09-05,Extended Happy Hour,weekly_promo,happy_hour,True,False,False,False,False,False,False,False,adult_social_fans,SRC_2024_WEEKLY_PROMOS,True,2024 Thursday weekly promotion
PROMO_00172,TP_2024_067,2024,2024-09-06,Postgame Fireworks,fireworks,fireworks,True,False,False,True,False,False,False,False,families,SRC_2024_SCHEDULE_RELEASE,True,2024 fireworks from official schedule release
PROMO_00173,TP_2024_068,2024,2024-09-07,Postgame Fireworks,fireworks,fireworks,True,False,False,True,False,False,False,False,families,SRC_2024_SCHEDULE_RELEASE,True,2024 fireworks from official schedule release
PROMO_00174,TP_2024_069,2024,2024-09-08,Kids Run The Bases,family,kids_run_bases,True,False,False,False,False,True,False,False,families,SRC_2024_WEEKLY_PROMOS,True,2024 Sunday weekly promotion
PROMO_00175,TP_2025_001,2025,2025-04-04,Postgame Fireworks,fireworks,fireworks,True,False,False,True,False,False,False,False,families,SRC_2025_WEEKLY_PROMOS,True,2025 all Friday and known select fireworks dates from official weekly promotion release
PROMO_00176,TP_2025_002,2025,2025-04-05,Postgame Fireworks,fireworks,fireworks,True,False,False,True,False,False,False,False,families,SRC_2025_WEEKLY_PROMOS,True,2025 all Friday and known select fireworks dates from official weekly promotion release
PROMO_00177,TP_2025_003,2025,2025-04-06,Pregame Autographs and Kids Run The Bases,family,kids_run_bases,True,False,False,False,False,True,False,False,families,SRC_2025_WEEKLY_PROMOS,True,2025 Sunday weekly promotion
PROMO_00178,TP_2025_004,2025,2025-04-08,Ladies Night,weekly_promo,ladies_night,True,False,False,False,False,False,False,False,adult_social_fans,SRC_2025_WEEKLY_PROMOS,True,2025 Tuesday weekly promotion
PROMO_00179,TP_2025_005,2025,2025-04-09,Tito's Dog Days,weekly_promo,dog_day,True,True,False,False,False,False,True,False,dog_owners,SRC_2025_WEEKLY_PROMOS,True,2025 Wednesday weekly promotion
PROMO_00180,TP_2025_006,2025,2025-04-10,Throwback Thursday,weekly_promo,throwback_thursday,True,False,False,False,True,False,False,False,adult_social_fans,SRC_2025_WEEKLY_PROMOS,True,2025 Thursday weekly promotion
PROMO_00181,TP_2025_007,2025,2025-04-11,Postgame Fireworks,fireworks,fireworks,True,False,False,True,False,False,False,False,families,SRC_2025_WEEKLY_PROMOS,True,2025 all Friday and known select fireworks dates from official weekly promotion release
PROMO_00182,TP_2025_009,2025,2025-04-13,Pregame Autographs and Kids Run The Bases,family,kids_run_bases,True,False,False,False,False,True,False,False,families,SRC_2025_WEEKLY_PROMOS,True,2025 Sunday weekly promotion
PROMO_00183,TP_2025_010,2025,2025-04-22,Ladies Night,weekly_promo,ladies_night,True,False,False,False,False,False,False,False,adult_social_fans,SRC_2025_WEEKLY_PROMOS,True,2025 Tuesday weekly promotion
PROMO_00184,TP_2025_011,2025,2025-04-23,Tito's Dog Days,weekly_promo,dog_day,True,True,False,False,False,False,True,False,dog_owners,SRC_2025_WEEKLY_PROMOS,True,2025 Wednesday weekly promotion
PROMO_00185,TP_2025_012,2025,2025-04-24,Throwback Thursday,weekly_promo,throwback_thursday,True,False,False,False,True,False,False,False,adult_social_fans,SRC_2025_WEEKLY_PROMOS,True,2025 Thursday weekly promotion
PROMO_00186,TP_2025_013,2025,2025-04-25,Postgame Fireworks,fireworks,fireworks,True,False,False,True,False,False,False,False,families,SRC_2025_WEEKLY_PROMOS,True,2025 all Friday and known select fireworks dates from official weekly promotion release
PROMO_00187,TP_2025_015,2025,2025-04-27,Pregame Autographs and Kids Run The Bases,family,kids_run_bases,True,False,False,False,False,True,False,False,families,SRC_2025_WEEKLY_PROMOS,True,2025 Sunday weekly promotion
PROMO_00188,TP_2025_016,2025,2025-05-06,Ladies Night,weekly_promo,ladies_night,True,False,False,False,False,False,False,False,adult_social_fans,SRC_2025_WEEKLY_PROMOS,True,2025 Tuesday weekly promotion
PROMO_00189,TP_2025_017,2025,2025-05-07,Tito's Dog Days,weekly_promo,dog_day,True,True,False,False,False,False,True,False,dog_owners,SRC_2025_WEEKLY_PROMOS,True,2025 Wednesday weekly promotion
PROMO_00190,TP_2025_018,2025,2025-05-08,Throwback Thursday,weekly_promo,throwback_thursday,True,False,False,False,True,False,False,False,adult_social_fans,SRC_2025_WEEKLY_PROMOS,True,2025 Thursday weekly promotion
PROMO_00191,TP_2025_019,2025,2025-05-09,Postgame Fireworks,fireworks,fireworks,True,False,False,True,False,False,False,False,families,SRC_2025_WEEKLY_PROMOS,True,2025 all Friday and known select fireworks dates from official weekly promotion release
PROMO_00192,TP_2025_021,2025,2025-05-11,Pregame Autographs and Kids Run The Bases,family,kids_run_bases,True,False,False,False,False,True,False,False,families,SRC_2025_WEEKLY_PROMOS,True,2025 Sunday weekly promotion
PROMO_00193,TP_2025_022,2025,2025-05-27,Ladies Night,weekly_promo,ladies_night,True,False,False,False,False,False,False,False,adult_social_fans,SRC_2025_WEEKLY_PROMOS,True,2025 Tuesday weekly promotion
PROMO_00194,TP_2025_023,2025,2025-05-28,Tito's Dog Days,weekly_promo,dog_day,True,True,False,False,False,False,True,False,dog_owners,SRC_2025_WEEKLY_PROMOS,True,2025 Wednesday weekly promotion
PROMO_00195,TP_2025_024,2025,2025-05-29,Throwback Thursday,weekly_promo,throwback_thursday,True,False,False,False,True,False,False,False,adult_social_fans,SRC_2025_WEEKLY_PROMOS,True,2025 Thursday weekly promotion
PROMO_00196,TP_2025_025,2025,2025-05-30,Postgame Fireworks,fireworks,fireworks,True,False,False,True,False,False,False,False,families,SRC_2025_WEEKLY_PROMOS,True,2025 all Friday and known select fireworks dates from official weekly promotion release
PROMO_00197,TP_2025_027,2025,2025-06-01,Pregame Autographs and Kids Run The Bases,family,kids_run_bases,True,False,False,False,False,True,False,False,families,SRC_2025_WEEKLY_PROMOS,True,2025 Sunday weekly promotion
PROMO_00198,TP_2025_028,2025,2025-06-10,Ladies Night,weekly_promo,ladies_night,True,False,False,False,False,False,False,False,adult_social_fans,SRC_2025_WEEKLY_PROMOS,True,2025 Tuesday weekly promotion
PROMO_00199,TP_2025_029,2025,2025-06-11,Tito's Dog Days,weekly_promo,dog_day,True,True,False,False,False,False,True,False,dog_owners,SRC_2025_WEEKLY_PROMOS,True,2025 Wednesday weekly promotion
PROMO_00200,TP_2025_030,2025,2025-06-12,Throwback Thursday,weekly_promo,throwback_thursday,True,False,False,False,True,False,False,False,adult_social_fans,SRC_2025_WEEKLY_PROMOS,True,2025 Thursday weekly promotion
PROMO_00201,TP_2025_031,2025,2025-06-13,Postgame Fireworks,fireworks,fireworks,True,False,False,True,False,False,False,False,families,SRC_2025_WEEKLY_PROMOS,True,2025 all Friday and known select fireworks dates from official weekly promotion release
PROMO_00202,TP_2025_033,2025,2025-06-15,Pregame Autographs and Kids Run The Bases,family,kids_run_bases,True,False,False,False,False,True,False,False,families,SRC_2025_WEEKLY_PROMOS,True,2025 Sunday weekly promotion
PROMO_00203,TP_2025_034,2025,2025-06-17,Ladies Night,weekly_promo,ladies_night,True,False,False,False,False,False,False,False,adult_social_fans,SRC_2025_WEEKLY_PROMOS,True,2025 Tuesday weekly promotion
PROMO_00204,TP_2025_035,2025,2025-06-18,Tito's Dog Days,weekly_promo,dog_day,True,True,False,False,False,False,True,False,dog_owners,SRC_2025_WEEKLY_PROMOS,True,2025 Wednesday weekly promotion
PROMO_00205,TP_2025_036,2025,2025-06-19,Throwback Thursday,weekly_promo,throwback_thursday,True,False,False,False,True,False,False,False,adult_social_fans,SRC_2025_WEEKLY_PROMOS,True,2025 Thursday weekly promotion
PROMO_00206,TP_2025_037,2025,2025-06-20,Postgame Fireworks,fireworks,fireworks,True,False,False,True,False,False,False,False,families,SRC_2025_WEEKLY_PROMOS,True,2025 all Friday and known select fireworks dates from official weekly promotion release
PROMO_00207,TP_2025_039,2025,2025-06-22,Pregame Autographs and Kids Run The Bases,family,kids_run_bases,True,False,False,False,False,True,False,False,families,SRC_2025_WEEKLY_PROMOS,True,2025 Sunday weekly promotion
PROMO_00208,TP_2025_040,2025,2025-07-01,Ladies Night,weekly_promo,ladies_night,True,False,False,False,False,False,False,False,adult_social_fans,SRC_2025_WEEKLY_PROMOS,True,2025 Tuesday weekly promotion
PROMO_00209,TP_2025_041,2025,2025-07-02,Tito's Dog Days,weekly_promo,dog_day,True,True,False,False,False,False,True,False,dog_owners,SRC_2025_WEEKLY_PROMOS,True,2025 Wednesday weekly promotion
PROMO_00210,TP_2025_042,2025,2025-07-03,Throwback Thursday,weekly_promo,throwback_thursday,True,False,False,False,True,False,False,False,adult_social_fans,SRC_2025_WEEKLY_PROMOS,True,2025 Thursday weekly promotion
PROMO_00211,TP_2025_042,2025,2025-07-03,Postgame Fireworks,fireworks,fireworks,True,False,False,True,False,False,False,False,families,SRC_2025_WEEKLY_PROMOS,True,2025 all Friday and known select fireworks dates from official weekly promotion release
PROMO_00212,TP_2025_043,2025,2025-07-18,Postgame Fireworks,fireworks,fireworks,True,False,False,True,False,False,False,False,families,SRC_2025_WEEKLY_PROMOS,True,2025 all Friday and known select fireworks dates from official weekly promotion release
PROMO_00213,TP_2025_045,2025,2025-07-20,Pregame Autographs and Kids Run The Bases,family,kids_run_bases,True,False,False,False,False,True,False,False,families,SRC_2025_WEEKLY_PROMOS,True,2025 Sunday weekly promotion
PROMO_00214,TP_2025_046,2025,2025-07-29,Ladies Night,weekly_promo,ladies_night,True,False,False,False,False,False,False,False,adult_social_fans,SRC_2025_WEEKLY_PROMOS,True,2025 Tuesday weekly promotion
PROMO_00215,TP_2025_047,2025,2025-07-30,Tito's Dog Days,weekly_promo,dog_day,True,True,False,False,False,False,True,False,dog_owners,SRC_2025_WEEKLY_PROMOS,True,2025 Wednesday weekly promotion
PROMO_00216,TP_2025_048,2025,2025-07-31,Throwback Thursday,weekly_promo,throwback_thursday,True,False,False,False,True,False,False,False,adult_social_fans,SRC_2025_WEEKLY_PROMOS,True,2025 Thursday weekly promotion
PROMO_00217,TP_2025_049,2025,2025-08-01,Postgame Fireworks,fireworks,fireworks,True,False,False,True,False,False,False,False,families,SRC_2025_WEEKLY_PROMOS,True,2025 all Friday and known select fireworks dates from official weekly promotion release
PROMO_00218,TP_2025_051,2025,2025-08-03,Pregame Autographs and Kids Run The Bases,family,kids_run_bases,True,False,False,False,False,True,False,False,families,SRC_2025_WEEKLY_PROMOS,True,2025 Sunday weekly promotion
PROMO_00219,TP_2025_052,2025,2025-08-12,Ladies Night,weekly_promo,ladies_night,True,False,False,False,False,False,False,False,adult_social_fans,SRC_2025_WEEKLY_PROMOS,True,2025 Tuesday weekly promotion
PROMO_00220,TP_2025_053,2025,2025-08-13,Tito's Dog Days,weekly_promo,dog_day,True,True,False,False,False,False,True,False,dog_owners,SRC_2025_WEEKLY_PROMOS,True,2025 Wednesday weekly promotion
PROMO_00221,TP_2025_054,2025,2025-08-14,Throwback Thursday,weekly_promo,throwback_thursday,True,False,False,False,True,False,False,False,adult_social_fans,SRC_2025_WEEKLY_PROMOS,True,2025 Thursday weekly promotion
PROMO_00222,TP_2025_055,2025,2025-08-15,Postgame Fireworks,fireworks,fireworks,True,False,False,True,False,False,False,False,families,SRC_2025_WEEKLY_PROMOS,True,2025 all Friday and known select fireworks dates from official weekly promotion release
PROMO_00223,TP_2025_057,2025,2025-08-17,Pregame Autographs and Kids Run The Bases,family,kids_run_bases,True,False,False,False,False,True,False,False,families,SRC_2025_WEEKLY_PROMOS,True,2025 Sunday weekly promotion
PROMO_00224,TP_2025_058,2025,2025-08-26,Ladies Night,weekly_promo,ladies_night,True,False,False,False,False,False,False,False,adult_social_fans,SRC_2025_WEEKLY_PROMOS,True,2025 Tuesday weekly promotion
PROMO_00225,TP_2025_059,2025,2025-08-27,Tito's Dog Days,weekly_promo,dog_day,True,True,False,False,False,False,True,False,dog_owners,SRC_2025_WEEKLY_PROMOS,True,2025 Wednesday weekly promotion
PROMO_00226,TP_2025_060,2025,2025-08-28,Throwback Thursday,weekly_promo,throwback_thursday,True,False,False,False,True,False,False,False,adult_social_fans,SRC_2025_WEEKLY_PROMOS,True,2025 Thursday weekly promotion
PROMO_00227,TP_2025_061,2025,2025-08-29,Postgame Fireworks,fireworks,fireworks,True,False,False,True,False,False,False,False,families,SRC_2025_WEEKLY_PROMOS,True,2025 all Friday and known select fireworks dates from official weekly promotion release
PROMO_00228,TP_2025_063,2025,2025-08-31,Pregame Autographs and Kids Run The Bases,family,kids_run_bases,True,False,False,False,False,True,False,False,families,SRC_2025_WEEKLY_PROMOS,True,2025 Sunday weekly promotion
PROMO_00229,TP_2025_064,2025,2025-09-09,Ladies Night,weekly_promo,ladies_night,True,False,False,False,False,False,False,False,adult_social_fans,SRC_2025_WEEKLY_PROMOS,True,2025 Tuesday weekly promotion
PROMO_00230,TP_2025_065,2025,2025-09-10,Tito's Dog Days,weekly_promo,dog_day,True,True,False,False,False,False,True,False,dog_owners,SRC_2025_WEEKLY_PROMOS,True,2025 Wednesday weekly promotion
PROMO_00231,TP_2025_066,2025,2025-09-11,Throwback Thursday,weekly_promo,throwback_thursday,True,False,False,False,True,False,False,False,adult_social_fans,SRC_2025_WEEKLY_PROMOS,True,2025 Thursday weekly promotion
PROMO_00232,TP_2025_067,2025,2025-09-12,Postgame Fireworks,fireworks,fireworks,True,False,False,True,False,False,False,False,families,SRC_2025_WEEKLY_PROMOS,True,2025 all Friday and known select fireworks dates from official weekly promotion release
PROMO_00233,TP_2025_069,2025,2025-09-14,Pregame Autographs and Kids Run The Bases,family,kids_run_bases,True,False,False,False,False,True,False,False,families,SRC_2025_WEEKLY_PROMOS,True,2025 Sunday weekly promotion
