game_id,season,planned_game_date,actual_game_date,opponent,day_of_week,game_time,real_attendance,synthetic_orders,unique_buyers,synthetic_tickets,estimated_ticket_revenue,avg_tickets_per_order,group_tickets,repeat_buyer_tickets,group_ticket_share,repeat_buyer_ticket_share,estimated_revenue_per_attendee,promo_record_count,has_promotion,has_fireworks,has_giveaway,has_theme_night,has_weekly_promo,has_group_sales,has_community_promo,has_appearance,has_jersey_auction,promo_categories,promo_names,zero_attendance_flag,is_doubleheader_date,date_match_flag,is_weekend_game,attendance_tier,primary_promo_type
RCT_2023_001,2023,2023-04-06,2023-04-06,Chattanooga Lookouts,Thursday,6:35 PM CT,5264,605,324,5264,91684.51,8.70,3360,2486,0.6383,0.4723,17.42,3,1,1,1,1,0,0,0,0,0,fireworks | giveaway | theme_night,2023 Magnet Schedule Giveaway | Opening Night Celebration | Postgame Fireworks,0,0,1,0,Mid Attendance,Fireworks
RCT_2023_002,2023,2023-04-07,2023-04-08,Chattanooga Lookouts,Friday,6:35 PM CT,0,0,0,,,,0,0,,,,1,1,1,0,0,1,0,0,0,0,fireworks,Friday Night Fireworks,1,1,0,1,Zero Attendance / Doubleheader Gate,Fireworks
RCT_2023_003,2023,2023-04-08,2023-04-08,Chattanooga Lookouts,Saturday,6:35 PM CT,4625,482,339,4625,80605.49,9.60,3175,2654,0.6865,0.5738,17.43,1,1,1,0,0,1,0,0,0,0,fireworks,Saturday Night Fireworks,0,1,1,1,Mid Attendance,Fireworks
RCT_2023_010,2023,2023-04-18,2023-04-18,Biloxi Shuckers,Tuesday,6:05 PM CT,4774,527,397,4774,84047.45,9.06,3172,2503,0.6644,0.5243,17.61,2,1,0,1,0,0,0,1,0,0,appreciation | giveaway,Logan O’Hoppe Bobblehead | Utility Worker Appreciation Day,0,0,1,0,Mid Attendance,Giveaway
RCT_2023_011,2023,2023-04-19,2023-04-19,Biloxi Shuckers,Wednesday,11:05 AM CT,3657,311,256,3657,61178.03,11.76,2821,1907,0.7714,0.5215,16.73,1,1,0,0,0,0,1,1,0,0,education,Education Day,0,0,1,0,Low Attendance,Group Sales
RCT_2023_012,2023,2023-04-20,2023-04-20,Biloxi Shuckers,Thursday,6:35 PM CT,4513,460,379,4513,76659.03,9.81,3146,2486,0.6971,0.5509,16.99,2,1,0,1,1,0,1,0,0,0,giveaway | theme_night,Dance Team Night 1 | Raise The Roof T-Shirt Giveaway,0,0,1,0,Mid Attendance,Giveaway
RCT_2023_013,2023,2023-04-21,2023-04-22,Biloxi Shuckers,Friday,6:35 PM CT,0,0,0,,,,0,0,,,,1,1,1,0,0,1,0,0,0,0,fireworks,Friday Night Fireworks,1,1,0,1,Zero Attendance / Doubleheader Gate,Fireworks
RCT_2023_014,2023,2023-04-22,2023-04-22,Biloxi Shuckers,Saturday,6:35 PM CT,5932,620,519,5932,101329.54,9.57,3951,2990,0.6660,0.5040,17.08,2,1,1,0,1,1,0,1,0,0,fireworks | theme_night,Earth Day Celebration | Saturday Night Fireworks,0,1,1,1,High Attendance,Fireworks
RCT_2023_015,2023,2023-04-23,2023-04-23,Biloxi Shuckers,Sunday,2:35 PM CT,5148,477,403,5148,89810.36,10.79,3697,2834,0.7181,0.5505,17.45,3,1,0,1,1,1,1,0,0,0,giveaway | theme_night | weekly_promo,4x4 Night | Kids Run The Bases | Sprocket On The Move Bobblehead,0,0,1,1,Mid Attendance,Giveaway
RCT_2023_022,2023,2023-05-02,2023-05-02,Tennessee Smokies,Tuesday,6:05 PM CT,3547,421,352,3547,59310.93,8.43,2281,2028,0.6431,0.5718,16.72,2,1,0,1,0,0,0,1,0,0,appreciation | giveaway,Astronaut Racer Neil Socks Giveaway | Teacher Appreciation Day,0,0,1,0,Low Attendance,Giveaway
RCT_2023_023,2023,2023-05-03,2023-05-03,Tennessee Smokies,Wednesday,11:05 AM CT,5876,451,390,5876,98957.40,13.03,4646,2648,0.7907,0.4506,16.84,1,1,0,0,0,0,1,1,0,0,education,Education Day,0,0,1,0,High Attendance,Group Sales
RCT_2023_024,2023,2023-05-04,2023-05-04,Tennessee Smokies,Thursday,6:35 PM CT,5767,674,552,5767,99600.07,8.56,3688,2675,0.6395,0.4638,17.27,3,1,0,1,1,0,0,0,0,1,giveaway | jersey_auction | theme_night,Panda Wars Commemorative Cup Giveaway | Star Wars Jersey Auction | Star Wars Night,0,0,1,0,High Attendance,Giveaway
RCT_2023_025,2023,2023-05-05,2023-05-05,Tennessee Smokies,Friday,6:35 PM CT,4498,491,440,4498,78642.17,9.16,2942,2211,0.6541,0.4916,17.48,2,1,1,0,1,1,0,0,0,0,fireworks | theme_night,Cinco de Mayo Celebration | Friday Night Fireworks,0,0,1,1,Mid Attendance,Fireworks
RCT_2023_026,2023,2023-05-06,2023-05-06,Tennessee Smokies,Saturday,6:35 PM CT,5968,696,615,5968,105234.54,8.57,3791,3020,0.6352,0.5060,17.63,1,1,1,0,0,1,0,0,0,0,fireworks,Saturday Night Fireworks,0,0,1,1,High Attendance,Fireworks
RCT_2023_027,2023,2023-05-07,2023-05-07,Tennessee Smokies,Sunday,2:35 PM CT,4860,492,428,4860,82581.02,9.88,3373,2332,0.6940,0.4798,16.99,2,1,0,0,0,1,0,1,0,0,appreciation | weekly_promo,Kids Run The Bases | Nurses Day,0,0,1,1,Mid Attendance,Community
RCT_2023_034,2023,2023-05-16,2023-05-16,Birmingham Barons,Tuesday,6:35 PM CT,3801,458,412,3801,67957.55,8.30,2340,1832,0.6156,0.4820,17.88,2,1,0,1,1,0,0,0,0,0,giveaway | theme_night,Bryce Teodosio Inside-The-Park Home Run Bobblehead | Martian Arts Night,0,0,1,0,Low Attendance,Giveaway
RCT_2023_035,2023,2023-05-17,2023-05-17,Birmingham Barons,Wednesday,6:35 PM CT,3872,313,288,3872,67759.22,12.37,2968,1930,0.7665,0.4985,17.50,2,1,0,0,0,1,0,1,0,0,weekly_promo,All You Can Eat Wednesday | Dog Day,0,0,1,0,Low Attendance,Community
RCT_2023_036,2023,2023-05-18,2023-05-18,Birmingham Barons,Thursday,6:35 PM CT,3315,444,398,3315,56931.99,7.47,1944,1619,0.5864,0.4884,17.17,2,1,0,0,0,1,0,0,0,0,weekly_promo,Burgers and Buds Thursday | Pregame Happy Hour,0,0,1,0,Low Attendance,Other Promo
RCT_2023_037,2023,2023-05-19,2023-05-19,Birmingham Barons,Friday,6:35 PM CT,6075,623,569,6075,103380.06,9.75,4169,2983,0.6863,0.4910,17.02,2,1,1,0,1,1,1,0,0,0,fireworks | theme_night,Friday Night Fireworks | Scout Night,0,0,1,1,High Attendance,Fireworks
RCT_2023_038,2023,2023-05-20,2023-05-20,Birmingham Barons,Saturday,6:35 PM CT,5562,609,547,5562,97892.65,9.13,3676,3146,0.6609,0.5656,17.60,3,1,1,0,1,1,0,1,0,1,appreciation | fireworks | jersey_auction,Armed Forces Day | Armed Forces Jersey Auction | Saturday Night Fireworks,0,0,1,1,High Attendance,Fireworks
RCT_2023_039,2023,2023-05-21,2023-05-21,Birmingham Barons,Sunday,2:35 PM CT,4216,501,467,4216,72367.25,8.42,2651,1854,0.6288,0.4398,17.16,2,1,0,1,0,1,0,0,0,0,giveaway | weekly_promo,Kids Run The Bases | Sprocket Bank Giveaway,0,0,1,1,Mid Attendance,Giveaway
RCT_2023_040,2023,2023-05-23,2023-05-23,Chattanooga Lookouts,Tuesday,6:35 PM CT,4296,397,379,4296,75669.65,10.82,3128,2385,0.7281,0.5552,17.61,3,1,0,1,1,0,1,1,0,0,ceremony | giveaway | theme_night,Astronaut Racer Buzz Socks Giveaway | Faith Night | Para-Cycling World Cup Ceremony,0,0,1,0,Mid Attendance,Giveaway
RCT_2023_041,2023,2023-05-24,2023-05-24,Chattanooga Lookouts,Wednesday,6:35 PM CT,4583,489,442,4583,79662.84,9.37,3144,2560,0.6860,0.5586,17.38,1,1,0,0,0,0,0,0,1,0,appearance,Ryan Klesko Appearance and Autograph Signing,0,0,1,0,Mid Attendance,Other Promo
RCT_2023_042,2023,2023-05-25,2023-05-25,Chattanooga Lookouts,Thursday,6:35 PM CT,4018,402,377,4018,71192.47,10.00,2812,2291,0.6999,0.5702,17.72,2,1,0,1,1,0,0,0,0,0,giveaway | theme_night,National Wine Day | Silicone Wine Glass Giveaway,0,0,1,0,Mid Attendance,Giveaway
RCT_2023_043,2023,2023-05-26,2023-05-26,Chattanooga Lookouts,Friday,6:35 PM CT,5349,746,681,5349,92173.71,7.17,2935,2785,0.5487,0.5207,17.23,3,1,1,0,1,1,0,0,1,0,appearance | fireworks | theme_night,Friday Night Fireworks | Little Mermaid Appearance | Princess Night,0,0,1,1,Mid Attendance,Fireworks
RCT_2023_044,2023,2023-05-27,2023-05-27,Chattanooga Lookouts,Saturday,6:35 PM CT,5966,709,662,5966,101784.49,8.41,3771,3310,0.6321,0.5548,17.06,1,1,1,0,0,1,0,0,0,0,fireworks,Saturday Night Fireworks,0,0,1,1,High Attendance,Fireworks
RCT_2023_045,2023,2023-05-28,2023-05-28,Chattanooga Lookouts,Sunday,6:35 PM CT,6041,745,697,6041,104385.22,8.11,3620,2891,0.5992,0.4786,17.28,4,1,1,0,1,1,0,1,0,0,community_drive | fireworks | theme_night | weekly_promo,Kids Run The Bases | Memorial Day Celebration | Postgame Fireworks | Toiletries Drive,0,0,1,1,High Attendance,Fireworks
RCT_2023_052,2023,2023-06-06,2023-06-06,Tennessee Smokies,Tuesday,6:35 PM CT,3906,461,424,3906,70244.80,8.47,2516,2027,0.6441,0.5189,17.98,1,1,0,0,0,1,0,0,0,0,weekly_promo,Reeds Jewelers Ladies Night,0,0,1,0,Low Attendance,Other Promo
RCT_2023_053,2023,2023-06-07,2023-06-07,Tennessee Smokies,Wednesday,6:35 PM CT,3824,415,391,3824,66282.43,9.21,2562,1614,0.6700,0.4221,17.33,2,1,0,1,0,0,0,0,1,0,appearance | giveaway,Pregame Team Autograph Signing | Team Photo Giveaway,0,0,1,0,Low Attendance,Giveaway
RCT_2023_054,2023,2023-06-08,2023-06-08,Tennessee Smokies,Thursday,6:35 PM CT,5054,622,575,5054,87339.20,8.13,3107,3097,0.6148,0.6128,17.28,1,1,0,1,0,0,0,0,0,0,giveaway,Beverage Belt Giveaway,0,0,1,0,Mid Attendance,Giveaway
RCT_2023_055,2023,2023-06-09,2023-06-09,Tennessee Smokies,Friday,6:35 PM CT,6393,798,734,6393,108072.28,8.01,3895,3096,0.6093,0.4843,16.90,2,1,1,0,0,1,0,1,0,0,community_drive | fireworks,Canned Food Drive | Friday Night Fireworks,0,0,1,1,High Attendance,Fireworks
RCT_2023_056,2023,2023-06-10,2023-06-10,Tennessee Smokies,Saturday,6:35 PM CT,6748,817,762,6748,112844.68,8.26,4172,2968,0.6183,0.4398,16.72,2,1,1,0,1,1,0,1,0,0,fireworks | theme_night,Negro League Tribute Night | Saturday Night Fireworks,0,0,1,1,High Attendance,Fireworks
RCT_2023_057,2023,2023-06-11,2023-06-11,Tennessee Smokies,Sunday,4:05 PM CT,4120,495,456,4120,68927.40,8.32,2606,2135,0.6325,0.5182,16.73,1,1,0,0,0,1,0,0,0,0,weekly_promo,Kids Run The Bases,0,0,1,1,Mid Attendance,Other Promo
RCT_2023_064,2023,2023-06-20,2023-06-22,Montgomery Biscuits,Tuesday,6:35 PM CT,0,0,0,,,,0,0,,,,2,1,0,1,1,0,1,0,0,0,giveaway | theme_night,Chase Silseth Garden Gnome | Cross Fit Night,1,1,0,0,Zero Attendance / Doubleheader Gate,Giveaway
RCT_2023_065,2023,2023-06-21,2023-06-22,Montgomery Biscuits,Wednesday,6:35 PM CT,4835,450,423,4835,86003.18,10.74,3535,2904,0.7311,0.6006,17.79,2,1,0,0,0,1,0,1,0,0,weekly_promo,All You Can Eat Wednesday | Dog Day,0,1,0,0,Mid Attendance,Community
RCT_2023_066,2023,2023-06-22,2023-06-23,Montgomery Biscuits,Thursday,6:35 PM CT,5970,732,665,5970,101421.95,8.16,3843,3211,0.6437,0.5379,16.99,2,1,0,0,1,0,0,0,1,0,appearance | theme_night,Pregame Wrestling Extravaganza | Wrestling Night,0,0,0,0,High Attendance,Theme Night
RCT_2023_067,2023,2023-06-23,2023-06-24,Montgomery Biscuits,Friday,6:35 PM CT,0,0,0,,,,0,0,,,,1,1,1,0,0,1,0,0,0,0,fireworks,Friday Night Fireworks,1,1,0,1,Zero Attendance / Doubleheader Gate,Fireworks
RCT_2023_068,2023,2023-06-24,2023-06-24,Montgomery Biscuits,Saturday,6:35 PM CT,6683,944,875,6683,113122.87,7.08,3706,3418,0.5545,0.5114,16.93,3,1,1,0,1,1,0,0,0,1,fireworks | jersey_auction | theme_night,Marvel Defenders of the Diamond Night | Marvel Super Hero Jersey Auction | Saturday Night Fireworks,0,1,1,1,High Attendance,Fireworks
RCT_2023_069,2023,2023-06-25,2023-06-25,Montgomery Biscuits,Sunday,4:05 PM CT,4384,517,487,4384,76612.09,8.48,2805,2409,0.6398,0.5495,17.48,1,1,0,0,0,1,0,0,0,0,weekly_promo,Kids Run The Bases,0,0,1,1,Mid Attendance,Other Promo
RCT_2023_076,2023,2023-07-04,2023-07-04,Chattanooga Lookouts,Tuesday,6:35 PM CT,7500,838,803,7500,127461.22,8.95,4937,3900,0.6583,0.5200,16.99,2,1,1,0,1,0,0,1,0,0,fireworks | theme_night,Independence Day Celebration | Postgame Fireworks including 3D Fireworks Show,0,0,1,0,High Attendance,Fireworks
RCT_2023_077,2023,2023-07-05,2023-07-05,Chattanooga Lookouts,Wednesday,6:35 PM CT,4150,425,405,4150,70414.37,9.76,2906,2480,0.7002,0.5976,16.97,3,1,0,1,0,1,0,1,0,0,giveaway | weekly_promo,All You Can Eat Wednesday | Dog Day | Zach Neto Bobblehead Giveaway,0,0,1,0,Mid Attendance,Giveaway
RCT_2023_078,2023,2023-07-06,2023-07-06,Chattanooga Lookouts,Thursday,6:35 PM CT,4046,520,497,4046,69893.85,7.78,2426,2082,0.5996,0.5146,17.27,2,1,0,1,1,0,0,0,0,0,giveaway | theme_night,Commemorative Glass Giveaway | National Fried Chicken Day,0,0,1,0,Mid Attendance,Giveaway
RCT_2023_079,2023,2023-07-07,2023-07-07,Chattanooga Lookouts,Friday,6:35 PM CT,6007,753,716,6007,103304.93,7.98,3674,2823,0.6116,0.4700,17.20,2,1,1,0,1,1,0,1,0,0,fireworks | theme_night,Friday Night Fireworks | Strike Out Cancer Night,0,0,1,1,High Attendance,Fireworks
RCT_2023_080,2023,2023-07-08,2023-07-08,Chattanooga Lookouts,Saturday,6:35 PM CT,5058,591,571,5058,84928.28,8.56,3219,2518,0.6364,0.4978,16.79,1,1,1,0,0,1,0,0,0,0,fireworks,Saturday Night Fireworks,0,0,1,1,Mid Attendance,Fireworks
RCT_2023_081,2023,2023-07-09,2023-07-09,Chattanooga Lookouts,Sunday,4:05 PM CT,4424,490,471,4424,75696.01,9.03,2886,2226,0.6524,0.5032,17.11,2,1,0,1,0,1,0,0,0,0,giveaway | weekly_promo,Astronaut Racer Sally Socks Giveaway | Kids Run The Bases,0,0,1,1,Mid Attendance,Giveaway
RCT_2023_091,2023,2023-07-25,2023-07-25,Tennessee Smokies,Tuesday,6:35 PM CT,4408,453,439,4408,78171.11,9.73,3061,2503,0.6944,0.5678,17.73,2,1,0,0,1,0,0,1,0,0,community_drive | theme_night,Christmas in July Celebration | Toy Drive,0,0,1,0,Mid Attendance,Theme Night
RCT_2023_092,2023,2023-07-26,2023-07-26,Tennessee Smokies,Wednesday,6:35 PM CT,5168,547,529,5168,86205.53,9.45,3537,2418,0.6844,0.4679,16.68,2,1,0,0,0,1,0,1,0,0,weekly_promo,All You Can Eat Wednesday | Dog Day,0,0,1,0,Mid Attendance,Community
RCT_2023_093,2023,2023-07-27,2023-07-27,Tennessee Smokies,Thursday,6:35 PM CT,4130,393,382,4130,70267.06,10.51,3033,2709,0.7344,0.6559,17.01,2,1,0,0,0,1,0,0,0,0,weekly_promo,Burgers and Buds Thursday | Pregame Happy Hour,0,0,1,0,Mid Attendance,Other Promo
RCT_2023_094,2023,2023-07-28,2023-07-28,Tennessee Smokies,Friday,6:35 PM CT,6237,735,705,6237,105628.88,8.49,3869,2711,0.6203,0.4347,16.94,2,1,1,1,0,1,0,0,0,0,fireworks | giveaway,Friday Night Fireworks | Rally Towel Giveaway,0,0,1,1,High Attendance,Fireworks
RCT_2023_095,2023,2023-07-29,2023-07-29,Tennessee Smokies,Saturday,6:35 PM CT,6456,701,671,6456,107374.62,9.21,4228,3157,0.6549,0.4890,16.63,2,1,1,0,0,1,0,1,0,0,community_drive | fireworks,Saturday Night Fireworks | Shoe Drive,0,0,1,1,High Attendance,Fireworks
RCT_2023_096,2023,2023-07-30,2023-07-30,Tennessee Smokies,Sunday,4:05 PM CT,4950,574,543,4950,85440.83,8.62,3195,2700,0.6455,0.5455,17.26,1,1,0,0,0,1,0,0,0,0,weekly_promo,Kids Run The Bases,0,0,1,1,Mid Attendance,Other Promo
RCT_2023_103,2023,2023-08-08,2023-08-08,Mississippi Braves,Tuesday,6:35 PM CT,3657,303,294,3657,62622.76,12.07,2806,1884,0.7673,0.5152,17.12,2,1,0,1,1,0,1,0,0,0,giveaway | theme_night,SMD Night / Space Night | Space Themed T-Shirt Giveaway,0,0,1,0,Low Attendance,Giveaway
RCT_2023_104,2023,2023-08-09,2023-08-10,Mississippi Braves,Wednesday,6:35 PM CT,3305,237,236,3305,54599.41,13.95,2653,1443,0.8027,0.4366,16.52,2,1,0,0,1,0,1,0,0,1,jersey_auction | theme_night,SMD Night / Space Night | Space Jersey Auction,0,0,0,0,Low Attendance,Theme Night
RCT_2023_105,2023,2023-08-10,2023-08-11,Mississippi Braves,Thursday,6:35 PM CT,0,0,0,,,,0,0,,,,3,1,0,0,1,1,1,0,0,0,theme_night | weekly_promo,Bike Night | Burgers and Buds Thursday | Pregame Happy Hour,1,1,0,0,Zero Attendance / Doubleheader Gate,Theme Night
RCT_2023_106,2023,2023-08-11,2023-08-11,Mississippi Braves,Friday,6:35 PM CT,5595,715,687,5595,98362.17,7.83,3313,2778,0.5921,0.4965,17.58,2,1,1,1,0,1,0,0,0,0,fireworks | giveaway,Cooler Bag Giveaway | Friday Night Fireworks,0,1,1,1,High Attendance,Fireworks
RCT_2023_107,2023,2023-08-12,2023-08-12,Mississippi Braves,Saturday,6:35 PM CT,6435,924,884,6435,109286.57,6.96,3457,3517,0.5372,0.5465,16.98,1,1,1,0,0,1,0,0,0,0,fireworks,Saturday Night Fireworks,0,0,1,1,High Attendance,Fireworks
RCT_2023_108,2023,2023-08-13,2023-08-29,Mississippi Braves,Sunday,4:05 PM CT,4189,502,484,4189,73935.70,8.34,2610,2438,0.6231,0.5820,17.65,2,1,0,1,0,1,0,0,0,0,giveaway | weekly_promo,Kids Run The Bases | Youth Replica Jersey Giveaway,0,0,0,1,Mid Attendance,Giveaway
RCT_2023_115,2023,2023-08-22,2023-08-22,Birmingham Barons,Tuesday,6:35 PM CT,4115,349,333,4115,69876.29,11.79,3145,2181,0.7643,0.5300,16.98,1,1,0,0,1,0,1,0,0,0,theme_night,Dance Team Night 2,0,0,1,0,Mid Attendance,Theme Night
RCT_2023_116,2023,2023-08-23,2023-08-23,Birmingham Barons,Wednesday,6:35 PM CT,3863,299,293,3863,62391.12,12.92,3045,2301,0.7882,0.5957,16.15,3,1,0,0,1,1,1,1,0,0,theme_night | weekly_promo,All You Can Eat Wednesday | Athens Athletics Night | Dog Day,0,0,1,0,Low Attendance,Theme Night
RCT_2023_117,2023,2023-08-24,2023-08-24,Birmingham Barons,Thursday,6:35 PM CT,3757,328,324,3757,65783.32,11.45,2826,1804,0.7522,0.4802,17.51,2,1,0,1,1,0,1,0,0,0,giveaway | theme_night,Car Shade Giveaway | Classic Car Night,0,0,1,0,Low Attendance,Giveaway
RCT_2023_118,2023,2023-08-25,2023-08-25,Birmingham Barons,Friday,6:35 PM CT,4742,476,469,4742,80970.47,9.96,3275,2274,0.6906,0.4795,17.08,2,1,1,0,1,1,1,0,0,0,fireworks | theme_night,Friday Night Fireworks | Scout Night,0,0,1,1,Mid Attendance,Fireworks
RCT_2023_119,2023,2023-08-26,2023-08-26,Birmingham Barons,Saturday,6:35 PM CT,6019,605,585,6019,106004.52,9.95,4109,3640,0.6827,0.6048,17.61,1,1,1,0,0,1,0,0,0,0,fireworks,Saturday Night Fireworks,0,0,1,1,High Attendance,Fireworks
RCT_2023_120,2023,2023-08-27,2023-08-27,Birmingham Barons,Sunday,4:05 PM CT,4164,402,391,4164,75392.14,10.36,2966,2429,0.7123,0.5833,18.11,1,1,0,0,0,1,0,0,0,0,weekly_promo,Kids Run The Bases,0,0,1,1,Mid Attendance,Other Promo
RCT_2023_127,2023,2023-09-05,2023-09-05,Pensacola Blue Wahoos,Tuesday,6:05 PM CT,4412,416,400,4412,76778.15,10.61,3200,2698,0.7253,0.6115,17.40,1,1,0,1,0,0,0,0,0,0,giveaway,Sonny DiChiara Bobblehead,0,0,1,0,Mid Attendance,Giveaway
RCT_2023_128,2023,2023-09-06,2023-09-06,Pensacola Blue Wahoos,Wednesday,11:05 AM CT,2982,218,216,2982,49874.12,13.68,2409,1620,0.8078,0.5433,16.73,1,1,0,0,0,0,1,1,0,0,education,Education Day,0,0,1,0,Low Attendance,Group Sales
RCT_2023_129,2023,2023-09-07,2023-09-07,Pensacola Blue Wahoos,Thursday,6:35 PM CT,4388,457,441,4388,74612.31,9.60,3051,2529,0.6953,0.5763,17.00,1,1,0,0,1,0,1,0,0,0,theme_night,Football and Cheer Night,0,0,1,0,Mid Attendance,Theme Night
RCT_2023_130,2023,2023-09-08,2023-09-08,Pensacola Blue Wahoos,Friday,6:35 PM CT,6137,674,645,6137,109032.46,9.11,4038,3042,0.6580,0.4957,17.77,3,1,1,0,1,1,0,0,0,1,fireworks | jersey_auction | theme_night,Friday Night Fireworks | Huntsville Stars Jersey Auction | Huntsville Stars Throwback Night,0,0,1,1,High Attendance,Fireworks
RCT_2023_131,2023,2023-09-09,2023-09-09,Pensacola Blue Wahoos,Saturday,6:35 PM CT,5843,696,671,5843,101213.44,8.40,3610,2634,0.6178,0.4508,17.32,1,1,1,0,0,1,0,0,0,0,fireworks,Saturday Night Fireworks,0,0,1,1,High Attendance,Fireworks
RCT_2023_132,2023,2023-09-10,2023-09-10,Pensacola Blue Wahoos,Sunday,2:35 PM CT,4729,565,548,4729,82234.90,8.37,3009,2441,0.6363,0.5162,17.39,2,1,0,0,1,1,0,0,0,0,fan_appreciation | weekly_promo,Fan Appreciation Day | Kids Run The Bases,0,0,1,1,Mid Attendance,Theme Night
RCT_2024_004,2024,2024-04-09,2024-04-10,Birmingham Barons,Tuesday,6:35 PM CT,2888,344,342,2888,50700.11,8.40,1839,1558,0.6368,0.5395,17.56,4,1,1,1,1,1,0,0,0,0,fireworks | giveaway | special_event | weekly_promo,2024 Magnet Schedule Giveaway | Opening Night Celebration Fireworks | Opening Night Festivities | Reeds Jewelers Ladies Night,0,0,0,0,Low Attendance,Fireworks
RCT_2024_005,2024,2024-04-10,2024-04-11,Birmingham Barons,Wednesday,6:35 PM CT,3148,353,347,3148,55252.67,8.92,2075,1397,0.6591,0.4438,17.55,2,1,0,1,0,1,0,0,0,0,giveaway | weekly_promo,Ben Joyce Bobblehead Giveaway | Dog Day Wednesday,0,0,0,0,Low Attendance,Giveaway
RCT_2024_006,2024,2024-04-11,2024-04-12,Birmingham Barons,Thursday,6:35 PM CT,4733,373,368,4733,82056.00,12.69,3678,2640,0.7771,0.5578,17.34,3,1,0,1,0,1,1,0,0,0,giveaway | group_sales | weekly_promo,Extended Happy Hour | Real Estate / Home Buyer Night | Trash Pandas Door Mat Giveaway,0,0,0,0,Mid Attendance,Giveaway
RCT_2024_007,2024,2024-04-12,2024-04-13,Birmingham Barons,Friday,6:35 PM CT,0,0,0,,,,0,0,,,,1,1,1,0,0,0,0,0,0,0,fireworks,Friday Night Fireworks,1,1,0,1,Zero Attendance / Doubleheader Gate,Fireworks
RCT_2024_008,2024,2024-04-13,2024-04-13,Birmingham Barons,Saturday,6:35 PM CT,6180,798,768,6180,104621.22,7.74,3654,3037,0.5913,0.4914,16.93,1,1,1,0,0,0,0,0,0,0,fireworks,Saturday Night Fireworks,0,1,1,1,High Attendance,Fireworks
RCT_2024_009,2024,2024-04-14,2024-04-14,Birmingham Barons,Sunday,2:35 PM CT,4617,405,401,4617,80164.23,11.40,3460,2591,0.7494,0.5612,17.36,2,1,0,0,1,1,1,0,0,0,group_sales | weekly_promo,4x4 Night | Kids Run the Bases,0,0,1,1,Mid Attendance,Theme Night
RCT_2024_016,2024,2024-04-23,2024-04-23,Tennessee Smokies,Tuesday,6:05 PM CT,3640,319,315,3640,61453.35,11.41,2691,2040,0.7393,0.5604,16.88,2,1,0,0,0,1,0,1,0,0,community | weekly_promo,Reading Program Redemption Day | Reeds Jewelers Ladies Night,0,0,1,0,Low Attendance,Community
RCT_2024_017,2024,2024-04-24,2024-04-24,Tennessee Smokies,Wednesday,11:05 AM CT,5558,462,453,5558,94815.77,12.03,4279,3417,0.7699,0.6148,17.06,1,1,0,0,0,0,1,1,0,0,group_sales,Education Day,0,0,1,0,High Attendance,Group Sales
RCT_2024_018,2024,2024-04-25,2024-04-25,Tennessee Smokies,Thursday,6:35 PM CT,4248,359,353,4248,72025.95,11.83,3218,2601,0.7575,0.6123,16.96,4,1,0,1,1,1,1,0,0,0,giveaway | special_event | theme_night | weekly_promo,Big Ol' Ballpark Fair | Dance Night | Extended Happy Hour | Raise The Roof T-Shirt Giveaway,0,0,1,0,Mid Attendance,Giveaway
RCT_2024_019,2024,2024-04-26,2024-04-26,Tennessee Smokies,Friday,6:35 PM CT,6621,552,535,6621,112284.72,11.99,5082,3347,0.7676,0.5055,16.96,4,1,1,0,1,0,1,1,0,0,fireworks | group_sales | special_event | theme_night,80s Night | Big Ol' Ballpark Fair | Friday Night Fireworks | Utility Worker Appreciation Night,0,0,1,1,High Attendance,Fireworks
RCT_2024_020,2024,2024-04-27,2024-04-27,Tennessee Smokies,Saturday,6:35 PM CT,7065,576,569,7065,118266.65,12.27,5397,4024,0.7639,0.5696,16.74,3,1,1,0,1,0,1,1,0,0,fireworks | group_sales | special_event,Big Ol' Ballpark Fair | Meridianville Athletic Association Parade | Saturday Night Fireworks,0,0,1,1,High Attendance,Fireworks
RCT_2024_021,2024,2024-04-28,2024-04-28,Tennessee Smokies,Sunday,2:35 PM CT,4628,564,549,4628,80581.11,8.21,2842,2391,0.6141,0.5166,17.41,2,1,0,0,1,1,0,0,0,0,special_event | weekly_promo,Big Ol' Ballpark Fair | Kids Run the Bases,0,0,1,1,Mid Attendance,Theme Night
RCT_2024_028,2024,2024-05-07,2024-05-07,Mississippi Braves,Tuesday,6:05 PM CT,4085,497,483,4085,69985.52,8.22,2569,1957,0.6289,0.4791,17.13,4,1,0,1,1,1,0,0,0,1,giveaway | jersey_auction | theme_night | weekly_promo,Chewbacca Jersey Auction | Nolan Schanuel Bobblehead Giveaway | Reeds Jewelers Ladies Night | Star Wars Night,0,0,1,0,Mid Attendance,Giveaway
RCT_2024_029,2024,2024-05-08,2024-05-08,Mississippi Braves,Wednesday,11:05 AM CT,6186,517,509,6186,102692.79,11.97,4804,2666,0.7766,0.4310,16.60,1,1,0,0,0,0,1,1,0,0,group_sales,Education Day,0,0,1,0,High Attendance,Group Sales
RCT_2024_030,2024,2024-05-09,2024-05-09,Mississippi Braves,Thursday,6:35 PM CT,3640,264,260,3640,61175.04,13.79,2943,1827,0.8085,0.5019,16.81,4,1,0,1,0,1,1,1,1,0,appearance | giveaway | group_sales | weekly_promo,Extended Happy Hour | First Responders Night | Player Autograph Session | Team Photo Giveaway,0,0,1,0,Low Attendance,Giveaway
RCT_2024_031,2024,2024-05-10,2024-05-10,Mississippi Braves,Friday,6:35 PM CT,6421,649,625,6421,108231.55,9.89,4520,2742,0.7039,0.4270,16.86,2,1,1,0,0,0,1,0,0,0,fireworks | group_sales,Friday Night Fireworks | Scout Night,0,0,1,1,High Attendance,Fireworks
RCT_2024_032,2024,2024-05-11,2024-05-11,Mississippi Braves,Saturday,6:35 PM CT,6668,612,600,6668,111452.42,10.90,4824,3884,0.7235,0.5825,16.71,2,1,1,0,1,0,1,1,0,0,fireworks | theme_night,Armed Forces Night | Saturday Night Fireworks,0,0,1,1,High Attendance,Fireworks
RCT_2024_033,2024,2024-05-12,2024-05-12,Mississippi Braves,Sunday,2:35 PM CT,4028,494,487,4028,72283.73,8.15,2502,2460,0.6212,0.6107,17.95,3,1,0,1,1,1,0,0,0,0,giveaway | theme_night | weekly_promo,Kids Run the Bases | Mother's Day | Sprocket Wine Bottle Topper Giveaway,0,0,1,1,Mid Attendance,Giveaway
RCT_2024_040,2024,2024-05-21,2024-05-21,Montgomery Biscuits,Tuesday,6:35 PM CT,4289,454,450,4289,73087.02,9.45,2907,2071,0.6778,0.4829,17.04,4,1,0,1,1,1,0,1,0,0,community | giveaway | theme_night | weekly_promo,Elvis Poster Giveaway | Elvis Tribute Night | Reading Program Redemption Day | Reeds Jewelers Ladies Night,0,0,1,0,Mid Attendance,Giveaway
RCT_2024_041,2024,2024-05-22,2024-05-22,Montgomery Biscuits,Wednesday,6:35 PM CT,3409,313,308,3409,57576.26,10.89,2523,1616,0.7401,0.4740,16.89,2,1,0,0,0,1,0,1,0,0,community | weekly_promo,Dog Day | Reading Program Redemption Day,0,0,1,0,Low Attendance,Community
RCT_2024_042,2024,2024-05-23,2024-05-23,Montgomery Biscuits,Thursday,6:35 PM CT,4136,359,351,4136,72537.72,11.52,3108,2087,0.7515,0.5046,17.54,2,1,0,0,1,1,0,0,0,0,theme_night | weekly_promo,Extended Happy Hour | Lunaticos de Rocket City,0,0,1,0,Mid Attendance,Theme Night
RCT_2024_043,2024,2024-05-24,2024-05-24,Montgomery Biscuits,Friday,6:35 PM CT,4915,435,431,4915,84045.07,11.30,3663,2491,0.7453,0.5068,17.10,3,1,1,0,1,0,1,0,1,0,appearance | fireworks | theme_night,Friday Night Fireworks | Princess Characters Appearance | Princess Night,0,0,1,1,Mid Attendance,Fireworks
RCT_2024_044,2024,2024-05-25,2024-05-25,Montgomery Biscuits,Saturday,6:35 PM CT,6227,556,546,6227,106011.25,11.20,4540,3276,0.7291,0.5261,17.02,2,1,1,0,1,0,1,0,0,0,fireworks | theme_ticket_package,National Wine Day | Saturday Night Fireworks,0,0,1,1,High Attendance,Fireworks
RCT_2024_045,2024,2024-05-26,2024-05-26,Montgomery Biscuits,Sunday,2:35 PM CT,3535,404,397,3535,59876.23,8.75,2279,1680,0.6447,0.4752,16.94,2,1,0,0,1,1,0,1,0,0,theme_night | weekly_promo,Kids Run the Bases | Memorial Day Celebration,0,0,1,1,Low Attendance,Theme Night
RCT_2024_052,2024,2024-06-04,2024-06-04,Chattanooga Lookouts,Tuesday,6:35 PM CT,3455,378,373,3455,56757.34,9.14,2335,1979,0.6758,0.5728,16.43,2,1,0,0,1,1,0,1,0,0,community | weekly_promo,Mental Health Awareness Night | Reeds Jewelers Ladies Night,0,0,1,0,Low Attendance,Theme Night
RCT_2024_053,2024,2024-06-05,2024-06-05,Chattanooga Lookouts,Wednesday,6:35 PM CT,3565,378,376,3565,64221.33,9.43,2425,1884,0.6802,0.5285,18.01,2,1,0,1,0,1,0,0,0,0,giveaway | weekly_promo,Dog Day | Sprocket Pen/Pencil Holder Giveaway,0,0,1,0,Low Attendance,Giveaway
RCT_2024_054,2024,2024-06-06,2024-06-06,Chattanooga Lookouts,Thursday,6:35 PM CT,3966,319,317,3966,70382.90,12.43,3042,2188,0.7670,0.5517,17.75,4,1,0,0,1,1,0,1,1,0,appearance | community_drive | theme_night | weekly_promo,Cat Rescue Night | Extended Happy Hour | Pet Supplies Drive | Pete the Cat Character Appearance,0,0,1,0,Low Attendance,Theme Night
RCT_2024_055,2024,2024-06-07,2024-06-07,Chattanooga Lookouts,Friday,6:35 PM CT,5764,698,680,5764,100622.16,8.26,3639,3346,0.6313,0.5805,17.46,1,1,1,0,0,0,0,0,0,0,fireworks,Friday Night Fireworks,0,0,1,1,High Attendance,Fireworks
RCT_2024_056,2024,2024-06-08,2024-06-08,Chattanooga Lookouts,Saturday,6:35 PM CT,6713,844,823,6713,115171.28,7.95,4010,3543,0.5973,0.5278,17.16,4,1,1,0,1,0,0,1,1,0,appearance | fireworks | theme_night,Dad's Night Out / Pre-Game Kickback | Former Negro League Players Appearance | Negro League Tribute Night | Saturday Night Fireworks,0,0,1,1,High Attendance,Fireworks
RCT_2024_057,2024,2024-06-09,2024-06-09,Chattanooga Lookouts,Sunday,4:05 PM CT,4137,344,339,4137,73301.23,12.03,3167,2070,0.7655,0.5004,17.72,2,1,0,0,1,1,1,0,0,0,theme_night | weekly_promo,Kids Run the Bases | Pickleball Night,0,0,1,1,Mid Attendance,Theme Night
RCT_2024_064,2024,2024-06-18,2024-06-18,Biloxi Shuckers,Tuesday,6:35 PM CT,4255,347,344,4255,71904.84,12.26,3340,2609,0.7850,0.6132,16.90,2,1,0,0,1,1,1,0,0,0,theme_night | weekly_promo,Faith Night | Reeds Jewelers Ladies Night,0,0,1,0,Mid Attendance,Theme Night
RCT_2024_065,2024,2024-06-19,2024-06-19,Biloxi Shuckers,Wednesday,6:35 PM CT,3836,348,342,3836,64176.06,11.02,2877,1796,0.7500,0.4682,16.73,5,1,0,1,1,1,1,1,0,0,community | giveaway | group_sales | theme_ticket_package | weekly_promo,3x5 Flag Giveaway | Coaches Appreciation Night | Dog Day | Little Debbie Oatmeal Creme Pie Package | Local High School State Championship Recognition,0,0,1,0,Low Attendance,Giveaway
RCT_2024_066,2024,2024-06-20,2024-06-20,Biloxi Shuckers,Thursday,6:35 PM CT,5506,455,448,5506,91346.40,12.10,4230,2762,0.7683,0.5016,16.59,3,1,0,1,0,1,1,0,0,0,giveaway | group_sales | weekly_promo,Adult Cap Giveaway | Extended Happy Hour | USSSA Night,0,0,1,0,High Attendance,Giveaway
RCT_2024_067,2024,2024-06-21,2024-06-21,Biloxi Shuckers,Friday,6:35 PM CT,6377,596,583,6377,110939.28,10.70,4620,3787,0.7245,0.5939,17.40,4,1,1,0,1,0,1,0,0,1,fireworks | jersey_auction | theme_night | theme_ticket_package,Defenders of the Diamond Superhero Night | Friday Night Fireworks | Marvel Superhero Jersey Auction | Superhero Theme Ticket Package,0,0,1,1,High Attendance,Fireworks
RCT_2024_068,2024,2024-06-22,2024-06-22,Biloxi Shuckers,Saturday,6:35 PM CT,6038,679,668,6038,102308.73,8.89,3900,3105,0.6459,0.5142,16.94,3,1,1,0,1,0,0,1,0,0,community | community_drive | fireworks,Beanies and Blanket Drive | Saturday Night Fireworks | Strike Out Cancer Night,0,0,1,1,High Attendance,Fireworks
RCT_2024_069,2024,2024-06-23,2024-06-23,Biloxi Shuckers,Sunday,4:05 PM CT,3386,376,373,3386,61488.53,9.01,2245,1741,0.6630,0.5142,18.16,2,1,0,1,0,1,0,0,0,0,giveaway | weekly_promo,Kids Run the Bases | Mae Astronaut Bobblehead Giveaway,0,0,1,1,Low Attendance,Giveaway
RCT_2024_079,2024,2024-07-04,2024-07-04,Birmingham Barons,Thursday,6:35 PM CT,7500,810,786,7500,129476.05,9.26,5006,4261,0.6675,0.5681,17.26,2,1,1,0,1,0,0,0,0,0,fireworks | theme_night,Independence Day Spectacular Fireworks | Independence Weekend,0,0,1,0,High Attendance,Fireworks
RCT_2024_080,2024,2024-07-05,2024-07-05,Birmingham Barons,Friday,6:35 PM CT,6207,762,744,6207,107349.34,8.15,3764,3494,0.6064,0.5629,17.29,1,1,1,0,0,0,0,0,0,0,fireworks,Friday Night Fireworks,0,0,1,1,High Attendance,Fireworks
RCT_2024_081,2024,2024-07-06,2024-07-06,Birmingham Barons,Saturday,6:35 PM CT,5636,676,667,5636,99355.28,8.34,3465,3022,0.6148,0.5362,17.63,1,1,1,0,0,0,0,0,0,0,fireworks,Saturday Night Fireworks,0,0,1,1,High Attendance,Fireworks
RCT_2024_082,2024,2024-07-09,2024-07-09,Pensacola Blue Wahoos,Tuesday,6:35 PM CT,3397,394,391,3397,57397.62,8.62,2259,1649,0.6650,0.4854,16.90,2,1,0,0,1,1,0,1,0,0,theme_night | weekly_promo,Mullet Madness | Reeds Jewelers Ladies Night,0,0,1,0,Low Attendance,Theme Night
RCT_2024_083,2024,2024-07-10,2024-07-10,Pensacola Blue Wahoos,Wednesday,6:35 PM CT,4065,513,502,4065,73340.63,7.92,2420,1647,0.5953,0.4052,18.04,1,1,0,0,0,1,0,0,0,0,weekly_promo,Dog Day,0,0,1,0,Mid Attendance,Other Promo
RCT_2024_084,2024,2024-07-11,2024-07-11,Pensacola Blue Wahoos,Thursday,6:35 PM CT,3728,307,306,3728,60929.09,12.14,2911,2033,0.7808,0.5453,16.34,3,1,0,0,1,1,1,1,0,0,group_sales | theme_night | weekly_promo,Agriculture Night | Extended Happy Hour | Malmö Oatmilkers Night,0,0,1,0,Low Attendance,Theme Night
RCT_2024_085,2024,2024-07-12,2024-07-12,Pensacola Blue Wahoos,Friday,6:35 PM CT,4388,528,519,4388,75936.37,8.31,2741,2280,0.6247,0.5196,17.31,1,1,1,0,0,0,0,0,0,0,fireworks,Friday Night Fireworks,0,0,1,1,Mid Attendance,Fireworks
RCT_2024_086,2024,2024-07-13,2024-07-13,Pensacola Blue Wahoos,Saturday,6:35 PM CT,4842,554,547,4842,88476.81,8.74,3079,2623,0.6359,0.5417,18.27,1,1,1,0,0,0,0,0,0,0,fireworks,Saturday Night Fireworks,0,0,1,1,Mid Attendance,Fireworks
RCT_2024_087,2024,2024-07-14,2024-07-14,Pensacola Blue Wahoos,Sunday,4:05 PM CT,2974,342,338,2974,53751.55,8.70,1865,1731,0.6271,0.5820,18.07,3,1,0,1,1,1,0,0,0,0,giveaway | theme_night | weekly_promo,Kids Run the Bases | Lunaticos Beverage Sleeve Giveaway | Lunaticos de Rocket City,0,0,1,1,Low Attendance,Giveaway
RCT_2024_091,2024,2024-07-23,2024-07-23,Chattanooga Lookouts,Tuesday,6:35 PM CT,3187,211,211,3187,54869.80,15.10,2636,1574,0.8271,0.4939,17.22,3,1,0,0,1,1,1,1,0,0,group_sales | theme_ticket_package | weekly_promo,Educators Night | Reeds Jewelers Ladies Night | UNA Football Special Offer,0,0,1,0,Low Attendance,Theme Night
RCT_2024_092,2024,2024-07-24,2024-07-24,Chattanooga Lookouts,Wednesday,6:35 PM CT,3357,365,363,3357,57835.85,9.20,2279,1909,0.6789,0.5687,17.23,1,1,0,0,0,1,0,0,0,0,weekly_promo,Dog Day,0,0,1,0,Low Attendance,Other Promo
RCT_2024_093,2024,2024-07-25,2024-07-26,Chattanooga Lookouts,Thursday,6:35 PM CT,5266,381,379,5266,89478.54,13.82,4271,2992,0.8111,0.5682,16.99,4,1,0,0,1,1,1,1,0,0,community_drive | theme_night | theme_ticket_package | weekly_promo,Christmas in July | Christmas Light Show Special Offer | Extended Happy Hour | Toy Drive,0,0,0,0,Mid Attendance,Theme Night
RCT_2024_094,2024,2024-07-26,2024-07-27,Chattanooga Lookouts,Friday,6:35 PM CT,0,0,0,,,,0,0,,,,3,1,1,0,1,0,0,0,0,1,fireworks | jersey_auction | theme_night,Friday Night Fireworks | Friends Jersey Auction | Friends Night,1,1,0,1,Zero Attendance / Doubleheader Gate,Fireworks
RCT_2024_095,2024,2024-07-27,2024-07-27,Chattanooga Lookouts,Saturday,6:35 PM CT,5246,582,573,5246,90850.52,9.01,3375,3238,0.6433,0.6172,17.32,2,1,1,0,0,0,0,1,0,0,community_drive | fireworks,Saturday Night Fireworks | Shoe Drive,0,1,1,1,Mid Attendance,Fireworks
RCT_2024_096,2024,2024-07-28,2024-08-14,Chattanooga Lookouts,Sunday,4:05 PM CT,0,0,0,,,,0,0,,,,3,1,0,0,0,1,0,1,1,0,appearance | community_drive | weekly_promo,Bluey Character Appearance | Kids Run the Bases | Shoe Drive,1,0,0,1,Zero Attendance / Doubleheader Gate,Community
RCT_2024_103,2024,2024-08-06,2024-08-06,Birmingham Barons,Tuesday,6:35 PM CT,4416,381,373,4416,73331.74,11.59,3315,2398,0.7507,0.5430,16.61,3,1,0,1,0,1,1,0,0,0,giveaway | group_sales | weekly_promo,Reeds Jewelers Ladies Night | Runners Night | Youth Jersey Giveaway,0,0,1,0,Mid Attendance,Giveaway
RCT_2024_104,2024,2024-08-07,2024-08-07,Birmingham Barons,Wednesday,6:35 PM CT,3556,263,259,3556,61341.19,13.52,2831,2098,0.7961,0.5900,17.25,3,1,0,0,1,1,1,0,1,0,theme_night | weekly_promo,Dog Day | Dollar Dog Night | Soccer Night,0,0,1,0,Low Attendance,Theme Night
RCT_2024_105,2024,2024-08-08,2024-08-08,Birmingham Barons,Thursday,6:35 PM CT,2950,270,266,2950,48121.18,10.93,2201,1630,0.7461,0.5525,16.31,2,1,0,0,0,1,1,1,0,0,group_sales | weekly_promo,Construction Workers Appreciation | Extended Happy Hour,0,0,1,0,Low Attendance,Group Sales
RCT_2024_106,2024,2024-08-09,2024-08-09,Birmingham Barons,Friday,6:35 PM CT,5296,633,622,5296,86919.99,8.37,3269,2793,0.6173,0.5274,16.41,3,1,1,0,1,0,0,1,0,0,community | community_drive | fireworks,Breast Cancer Awareness Night | Friday Night Fireworks | School Supplies Drive,0,0,1,1,Mid Attendance,Fireworks
RCT_2024_107,2024,2024-08-10,2024-08-10,Birmingham Barons,Saturday,6:35 PM CT,6841,794,778,6841,121156.87,8.62,4389,3479,0.6416,0.5086,17.71,3,1,1,0,1,0,0,0,0,1,fireworks | jersey_auction | theme_night,Saturday Night Fireworks | Space Night | Space Night Jersey Auction,0,0,1,1,High Attendance,Fireworks
RCT_2024_108,2024,2024-08-11,2024-08-11,Birmingham Barons,Sunday,4:05 PM CT,4103,481,474,4103,69699.19,8.53,2651,2412,0.6461,0.5879,16.99,3,1,0,1,1,1,0,0,0,0,giveaway | theme_night | weekly_promo,Kids Run the Bases | Lunaticos de Rocket City | Lunaticos Sugar Skull Bobblehead Giveaway,0,0,1,1,Mid Attendance,Giveaway
RCT_2024_121,2024,2024-08-27,2024-08-27,Tennessee Smokies,Tuesday,6:35 PM CT,3467,296,295,3467,58488.40,11.71,2652,1832,0.7649,0.5284,16.87,3,1,0,1,1,1,1,0,0,0,giveaway | theme_ticket_package | weekly_promo,Oktoberfest Bier Festival Ticket | Oktoberfest Das Bier Boot Giveaway | Reeds Jewelers Ladies Night,0,0,1,0,Low Attendance,Giveaway
RCT_2024_122,2024,2024-08-28,2024-08-28,Tennessee Smokies,Wednesday,6:35 PM CT,3980,295,293,3980,69913.39,13.49,3193,2327,0.8023,0.5847,17.57,3,1,0,1,0,1,1,0,0,0,giveaway | group_sales | weekly_promo,Adult Replica Jersey Giveaway | Dog Day | Football and Cheer Night,0,0,1,0,Low Attendance,Giveaway
RCT_2024_123,2024,2024-08-29,2024-08-29,Tennessee Smokies,Thursday,6:35 PM CT,3868,290,287,3868,65836.10,13.34,3072,2459,0.7942,0.6357,17.02,3,1,0,0,0,1,1,1,1,0,appearance | group_sales | weekly_promo,Extended Happy Hour | Hacksaw Jim Duggan Appearance | STEM Night,0,0,1,0,Low Attendance,Group Sales
RCT_2024_124,2024,2024-08-30,2024-08-30,Tennessee Smokies,Friday,6:35 PM CT,4711,513,507,4711,81245.10,9.18,3093,2612,0.6565,0.5544,17.25,1,1,1,0,0,0,0,0,0,0,fireworks,Labor Day Weekend Fireworks,0,0,1,1,Mid Attendance,Fireworks
RCT_2024_125,2024,2024-08-31,2024-08-31,Tennessee Smokies,Saturday,6:35 PM CT,4537,513,507,4537,77870.56,8.84,2958,2659,0.6520,0.5861,17.16,3,1,1,0,1,0,0,1,0,1,fireworks | jersey_auction | special_event,Labor Day Weekend Fireworks | On-Field Wedding | Tuxedo Jersey Auction,0,0,1,1,Mid Attendance,Fireworks
RCT_2024_126,2024,2024-09-01,2024-09-01,Tennessee Smokies,Sunday,5:35 PM CT,5208,536,526,5208,91105.77,9.72,3538,3151,0.6793,0.6050,17.49,3,1,1,1,0,1,0,0,0,0,fireworks | giveaway | weekly_promo,Camo Blanket Giveaway | Kids Run the Bases | Labor Day Weekend Fireworks,0,0,1,1,Mid Attendance,Fireworks
RCT_2024_127,2024,2024-09-03,2024-09-03,Biloxi Shuckers,Tuesday,6:35 PM CT,3197,291,288,3197,56375.69,10.99,2358,1980,0.7376,0.6193,17.63,3,1,0,1,0,1,0,0,0,0,giveaway | weekly_promo,Extended Happy Hour | Kyren Paris Bobblehead Giveaway | Reeds Jewelers Ladies Night,0,0,1,0,Low Attendance,Giveaway
RCT_2024_128,2024,2024-09-04,2024-09-04,Biloxi Shuckers,Wednesday,6:35 PM CT,2850,235,235,2850,48335.71,12.13,2191,1668,0.7688,0.5853,16.96,2,1,0,0,0,1,1,0,0,0,group_sales | weekly_promo,Basketball Night | Dog Day,0,0,1,0,Low Attendance,Group Sales
RCT_2024_129,2024,2024-09-05,2024-09-05,Biloxi Shuckers,Thursday,6:35 PM CT,3754,308,303,3754,64452.57,12.19,2926,2458,0.7794,0.6548,17.17,2,1,0,0,1,1,1,0,0,0,theme_night | weekly_promo,Dance Night | Extended Happy Hour,0,0,1,0,Low Attendance,Theme Night
RCT_2024_130,2024,2024-09-06,2024-09-06,Biloxi Shuckers,Friday,6:35 PM CT,5785,562,557,5785,99031.90,10.29,4072,3031,0.7039,0.5239,17.12,3,1,1,0,1,0,1,1,0,0,community | fireworks | theme_night,Friday Night Fireworks | Huntsville Havoc Hockey Night | You Are Not Alone Night,0,0,1,1,High Attendance,Fireworks
RCT_2024_131,2024,2024-09-07,2024-09-07,Biloxi Shuckers,Saturday,6:35 PM CT,7084,808,793,7084,123127.51,8.77,4449,3211,0.6280,0.4533,17.38,3,1,1,0,1,0,0,1,0,1,fireworks | jersey_auction | theme_night,Huntsville Stars Jersey Auction | Huntsville Stars Night | Saturday Night Fireworks,0,0,1,1,High Attendance,Fireworks
RCT_2024_132,2024,2024-09-08,2024-09-08,Biloxi Shuckers,Sunday,2:35 PM CT,5008,577,567,5008,87789.27,8.68,3195,2482,0.6380,0.4956,17.53,3,1,0,1,1,1,0,0,0,0,giveaway | theme_night | weekly_promo,2025 Magnet Schedule Giveaway | Fan Appreciation Day | Kids Run the Bases,0,0,1,1,Mid Attendance,Giveaway
RCT_2025_001,2025,2025-04-04,2025-04-04,Chattanooga Lookouts,Friday,6:35 PM CT,6597,606,598,6597,111022.06,10.89,4730,3744,0.7170,0.5675,16.83,4,1,1,1,1,0,1,1,0,0,community | fireworks | giveaway | theme_night,2025 Magnet Schedule Giveaway | Madison Community Night / Hometown Throwdown | Opening Night | Opening Night Fireworks,0,0,1,1,High Attendance,Fireworks
RCT_2025_002,2025,2025-04-05,2025-04-05,Chattanooga Lookouts,Saturday,6:35 PM CT,4540,588,583,4540,78305.87,7.72,2605,2215,0.5738,0.4879,17.25,2,1,1,1,1,0,0,0,0,0,fireworks | giveaway,License Plate Frame Giveaway | Saturday Night Fireworks,0,0,1,1,Mid Attendance,Fireworks
RCT_2025_003,2025,2025-04-06,2025-06-17,Chattanooga Lookouts,Sunday,2:35 PM CT,3646,448,445,3646,62420.26,8.14,2216,1741,0.6078,0.4775,17.12,4,1,0,1,0,1,0,0,1,0,food_beverage | giveaway | weekly_promo,Blue Bell Sunday Sundaes | Fleece Blanket Giveaway | Postgame Kids Run the Bases | Pregame Player Autographs,0,0,0,1,Low Attendance,Giveaway
RCT_2025_004,2025,2025-04-08,2025-04-08,Knoxville Smokies,Tuesday,6:05 PM CT,2785,224,224,2785,48702.68,12.43,2141,1857,0.7688,0.6668,17.49,4,1,0,1,1,1,1,1,1,0,appearance | community | giveaway | weekly_promo,Christian Moore Autograph Appearance | Christian Moore Bobblehead Giveaway | Reeds Jewelers Ladies Night | Tennessee Communities Hometown Throwdown,0,0,1,0,Low Attendance,Giveaway
RCT_2025_005,2025,2025-04-09,2025-04-09,Knoxville Smokies,Wednesday,11:05 AM CT,2598,214,214,2598,44085.67,12.14,2020,1089,0.7775,0.4192,16.97,1,1,0,0,1,0,1,1,0,0,education,Education Day,0,0,1,0,Low Attendance,Theme Night
RCT_2025_006,2025,2025-04-10,2025-04-11,Knoxville Smokies,Thursday,6:35 PM CT,0,0,0,,,,0,0,,,,4,1,0,0,1,1,0,1,0,1,jersey_auction | theme_night | weekly_promo,Anime Jersey Auction | Anime/Japanese Heritage Night | Take MEOW't to the Ballpark Cat Night | Throwback Thursday,1,1,0,0,Zero Attendance / Doubleheader Gate,Theme Night
RCT_2025_007,2025,2025-04-11,2025-04-11,Knoxville Smokies,Friday,6:35 PM CT,4945,604,587,4945,87683.48,8.19,3092,2820,0.6253,0.5703,17.73,2,1,1,0,1,0,0,0,1,0,appearance | fireworks,Friday Night Fireworks | Jordan Matthews Ceremonial First Pitch,0,1,1,1,Mid Attendance,Fireworks
RCT_2025_008,2025,2025-04-12,2025-04-12,Knoxville Smokies,Saturday,6:35 PM CT,4527,411,411,4527,73916.20,11.01,3302,2142,0.7294,0.4732,16.33,1,1,0,0,1,0,1,1,0,0,appreciation,Construction Worker Appreciation Night,0,0,1,1,Mid Attendance,Theme Night
RCT_2025_009,2025,2025-04-13,2025-04-13,Knoxville Smokies,Sunday,2:35 PM CT,3545,456,449,3545,62393.19,7.77,2117,1855,0.5972,0.5233,17.60,4,1,0,0,1,1,0,1,1,0,community | food_beverage | weekly_promo,Blue Bell Sunday Sundaes | Mental Health Awareness Day | Postgame Kids Run the Bases | Pregame Player Autographs,0,0,1,1,Low Attendance,Theme Night
RCT_2025_016,2025,2025-04-22,2025-04-22,Birmingham Barons,Tuesday,6:05 PM CT,2712,240,237,2712,46476.47,11.30,2066,1346,0.7618,0.4963,17.14,3,1,0,1,1,1,1,1,0,0,appreciation | giveaway | weekly_promo,Caden Dana Bobblehead Giveaway | Huntsville Navy Week | Reeds Jewelers Ladies Night,0,0,1,0,Low Attendance,Giveaway
RCT_2025_017,2025,2025-04-23,2025-04-23,Birmingham Barons,Wednesday,11:05 AM CT,5027,395,386,5027,84764.10,12.73,3970,3217,0.7897,0.6399,16.86,1,1,0,0,1,0,1,1,0,0,education,Education Day,0,0,1,0,Mid Attendance,Theme Night
RCT_2025_018,2025,2025-04-24,2025-04-25,Birmingham Barons,Thursday,6:35 PM CT,3403,390,387,3403,58524.82,8.73,2246,1850,0.6600,0.5436,17.20,3,1,0,1,1,1,0,0,1,0,giveaway | theme_night | weekly_promo,Comic & Pop Culture Night | Raise The Roof Night T-Shirt Giveaway | Throwback Thursday,0,1,0,0,Low Attendance,Giveaway
RCT_2025_019,2025,2025-04-25,2025-04-25,Birmingham Barons,Friday,6:35 PM CT,5388,489,482,5388,89405.99,11.02,3941,2361,0.7314,0.4382,16.59,3,1,1,0,1,1,1,1,0,0,appreciation | community | fireworks,Friday Night Fireworks | Thompson Tractor Community Hero | Utility Worker Appreciation Night,0,1,1,1,Mid Attendance,Fireworks
RCT_2025_020,2025,2025-04-26,2025-04-26,Birmingham Barons,Saturday,6:35 PM CT,5103,583,571,5103,89766.93,8.75,3431,2520,0.6723,0.4938,17.59,1,1,0,0,0,0,0,0,1,0,appearance,ZOOperstars! Appearance,0,0,1,1,Mid Attendance,Other Promo
RCT_2025_021,2025,2025-04-27,2025-04-27,Birmingham Barons,Sunday,2:35 PM CT,4429,488,480,4429,74903.68,9.08,2910,2605,0.6570,0.5882,16.91,4,1,0,0,0,1,0,0,1,0,appearance | food_beverage | weekly_promo,Blue Bell Sunday Sundaes | Bluey Character Appearance | Postgame Kids Run the Bases | Pregame Player Autographs,0,0,1,1,Mid Attendance,Other Promo
RCT_2025_028,2025,2025-05-06,2025-05-06,Montgomery Biscuits,Tuesday,6:05 PM CT,2945,224,224,2945,48051.69,13.15,2356,1320,0.8000,0.4482,16.32,2,1,0,0,0,1,1,0,0,0,ticket_package | weekly_promo,Private Clyde Mays Whiskey Tasting | Reeds Jewelers Ladies Night,0,0,1,0,Low Attendance,Group Sales
RCT_2025_029,2025,2025-05-07,2025-05-07,Montgomery Biscuits,Wednesday,11:05 AM CT,5854,484,478,5854,100956.17,12.10,4506,3228,0.7697,0.5514,17.25,2,1,0,0,1,0,1,1,0,0,education | group_sales,Business Person's Special / Business Mixer | Education Day,0,0,1,0,High Attendance,Theme Night
RCT_2025_030,2025,2025-05-08,2025-05-08,Montgomery Biscuits,Thursday,6:35 PM CT,3831,491,481,3831,69079.73,7.80,2342,2376,0.6113,0.6202,18.03,3,1,0,1,1,1,0,0,0,0,giveaway | theme_night | weekly_promo,Soccer Night | Soccer Scarf Giveaway | Throwback Thursday,0,0,1,0,Low Attendance,Giveaway
RCT_2025_031,2025,2025-05-09,2025-05-09,Montgomery Biscuits,Friday,6:35 PM CT,5475,390,382,5475,93658.79,14.04,4366,2802,0.7974,0.5118,17.11,3,1,1,0,1,1,1,1,0,0,appreciation | community | fireworks,Armed Forces Day | Armed Forces Day & Friday Night Fireworks | Thompson Tractor Community Hero,0,0,1,1,Mid Attendance,Fireworks
RCT_2025_032,2025,2025-05-10,2025-05-11,Montgomery Biscuits,Saturday,6:35 PM CT,0,0,0,,,,0,0,,,,2,1,1,0,1,0,1,0,1,0,fireworks | theme_night,Postgame Fireworks | Princess Night,1,1,0,1,Zero Attendance / Doubleheader Gate,Fireworks
RCT_2025_033,2025,2025-05-11,2025-05-11,Montgomery Biscuits,Sunday,2:35 PM CT,3610,362,357,3610,58699.00,9.97,2539,2162,0.7033,0.5989,16.26,6,1,0,1,1,1,1,1,1,1,food_beverage | giveaway | jersey_auction | ticket_package | weekly_promo,Blue Bell Sunday Sundaes | Mother's Day Belt Bag Giveaway | Mother's Day Brunch | Mother's Day Jersey Auction | Postgame Kids Run the Bases | Pregame Player Autographs,0,1,1,1,Low Attendance,Giveaway
RCT_2025_046,2025,2025-05-27,2025-05-28,Biloxi Shuckers,Tuesday,6:35 PM CT,3260,355,351,3260,54327.31,9.18,2180,2003,0.6687,0.6144,16.66,1,1,0,0,0,1,0,0,0,0,weekly_promo,Reeds Jewelers Ladies Night,0,0,0,0,Low Attendance,Other Promo
RCT_2025_047,2025,2025-05-28,2025-05-29,Biloxi Shuckers,Wednesday,6:35 PM CT,0,0,0,,,,0,0,,,,1,1,0,0,0,1,0,1,0,0,weekly_promo,Tito's Dog Days,1,1,0,0,Zero Attendance / Doubleheader Gate,Community
RCT_2025_048,2025,2025-05-29,2025-05-29,Biloxi Shuckers,Thursday,6:35 PM CT,4007,331,328,4007,67296.44,12.11,3078,1828,0.7682,0.4562,16.79,3,1,0,0,1,1,1,1,0,0,community | theme_night | weekly_promo,Take MEOW't to the Ballpark Cat Night | The Shoals Hometown Throwdown | Throwback Thursday,0,1,1,0,Mid Attendance,Theme Night
RCT_2025_049,2025,2025-05-30,2025-05-30,Biloxi Shuckers,Friday,6:35 PM CT,5760,553,548,5760,94813.92,10.42,4162,2847,0.7226,0.4943,16.46,4,1,1,0,1,1,1,1,0,0,community | fireworks | group_sales | theme_night,Friday Night Fireworks | Scout Night and Sleepover | The Malmö Oat Milkers Night | Thompson Tractor Community Hero,0,0,1,1,High Attendance,Fireworks
RCT_2025_050,2025,2025-05-31,2025-05-31,Biloxi Shuckers,Saturday,6:35 PM CT,7162,695,694,7162,125074.59,10.31,5073,3939,0.7083,0.5500,17.46,6,1,1,1,1,0,1,1,0,1,fireworks | giveaway | jersey_auction | theme_night,Bike Night | Harry Potter Cooler Bag Giveaway | Harry Potter Night | Harry Potter Night Jersey Auction | Rocket City Spring Tune-Up Car Show | Saturday Night Fireworks,0,0,1,1,High Attendance,Fireworks
RCT_2025_051,2025,2025-06-01,2025-06-01,Biloxi Shuckers,Sunday,2:35 PM CT,4238,413,410,4238,73474.86,10.26,2938,2302,0.6933,0.5432,17.34,5,1,0,1,1,1,0,1,1,0,food_beverage | giveaway | theme_night | weekly_promo,Blue Bell Sunday Sundaes | Lunáticos de Rocket City | Lunáticos Sugar Skull Bobblehead Giveaway | Postgame Kids Run the Bases | Pregame Player Autographs,0,0,1,1,Mid Attendance,Giveaway
RCT_2025_058,2025,2025-06-10,2025-06-10,Pensacola Blue Wahoos,Tuesday,6:35 PM CT,3246,310,307,3246,53017.92,10.47,2335,1427,0.7193,0.4396,16.33,3,1,0,1,1,1,1,1,0,0,community | giveaway | weekly_promo,Hendrick's Gin Cup Giveaway & Drink Specials | Marshall County Hometown Throwdown | Reeds Jewelers Ladies Night,0,0,1,0,Low Attendance,Giveaway
RCT_2025_059,2025,2025-06-11,2025-06-11,Pensacola Blue Wahoos,Wednesday,6:35 PM CT,3537,316,316,3537,60652.20,11.19,2640,1766,0.7464,0.4993,17.15,3,1,0,1,1,1,1,1,0,0,giveaway | group_sales | weekly_promo,Tito's Dog Days | Trash Pandas Beach Towel Giveaway | USSSA Night,0,0,1,0,Low Attendance,Giveaway
RCT_2025_060,2025,2025-06-12,2025-06-12,Pensacola Blue Wahoos,Thursday,6:35 PM CT,3846,413,410,3846,66497.34,9.31,2556,1843,0.6646,0.4792,17.29,2,1,0,1,1,1,0,0,0,0,giveaway | weekly_promo,Beverage Belt Giveaway | Throwback Thursday,0,0,1,0,Low Attendance,Giveaway
RCT_2025_061,2025,2025-06-13,2025-06-13,Pensacola Blue Wahoos,Friday,6:35 PM CT,5381,468,466,5381,91300.76,11.50,3977,2712,0.7391,0.5040,16.97,5,1,1,0,1,1,1,1,0,0,appreciation | community | fireworks | theme_night | ticket_package,Agriculture Night | Bama Butts Night | Best Pork Butt Sampling and People's Choice Contest | Friday Night Fireworks | Thompson Tractor Community Hero,0,0,1,1,Mid Attendance,Fireworks
RCT_2025_062,2025,2025-06-14,2025-06-14,Pensacola Blue Wahoos,Saturday,6:35 PM CT,4876,396,394,4876,84833.16,12.31,3727,2827,0.7644,0.5798,17.40,3,1,1,0,1,0,1,0,0,0,fireworks | theme_night | ticket_package,Alabama White Sauce Night | Best White Sauce Sampling and People's Choice Contest | Saturday Night Fireworks,0,0,1,1,Mid Attendance,Fireworks
RCT_2025_063,2025,2025-06-15,2025-06-15,Pensacola Blue Wahoos,Sunday,2:35 PM CT,4018,366,361,4018,69301.19,10.98,2974,1910,0.7402,0.4754,17.25,6,1,0,1,1,1,1,0,1,0,experience | food_beverage | giveaway | theme_night | weekly_promo,Blue Bell Sunday Sundaes | Father's Day | Father's Day Grill Set Giveaway | Postgame Catch on the Field for Father's Day | Postgame Kids Run the Bases | Pregame Player Autographs,0,0,1,1,Mid Attendance,Giveaway
RCT_2025_064,2025,2025-06-17,2025-06-19,Chattanooga Lookouts,Tuesday,6:35 PM CT,3638,317,316,3638,59896.98,11.48,2723,1879,0.7485,0.5165,16.46,3,1,0,1,1,1,1,1,0,0,community | giveaway | weekly_promo,Adult Trash Jersey Giveaway | Athens Community Hometown Throwdown | Reeds Jewelers Ladies Night,0,1,0,0,Low Attendance,Giveaway
RCT_2025_065,2025,2025-06-18,2025-06-19,Chattanooga Lookouts,Wednesday,6:35 PM CT,3822,395,394,3822,66531.73,9.68,2638,2035,0.6902,0.5324,17.41,3,1,0,0,0,1,0,1,0,0,food_beverage | schedule_promo | weekly_promo,Doubleheader Wednesday | Game 1 Specials | Tito's Dog Days,0,1,0,0,Low Attendance,Community
RCT_2025_066,2025,2025-06-19,2025-06-20,Chattanooga Lookouts,Thursday,6:35 PM CT,6007,517,507,6007,99897.60,11.62,4546,2901,0.7568,0.4829,16.63,3,1,0,0,1,1,1,1,1,0,theme_night | weekly_promo,Juneteenth and Negro Leagues Celebration | Racing Night with Landon Huffman | Throwback Thursday,0,0,0,0,High Attendance,Theme Night
RCT_2025_067,2025,2025-06-20,2025-06-21,Chattanooga Lookouts,Friday,6:35 PM CT,0,0,0,,,,0,0,,,,3,1,1,0,1,1,1,1,0,0,community | fireworks | theme_night,Friday Night Fireworks | Superhero Night | Thompson Tractor Community Hero,1,1,0,1,Zero Attendance / Doubleheader Gate,Fireworks
RCT_2025_068,2025,2025-06-21,2025-06-21,Chattanooga Lookouts,Saturday,6:35 PM CT,5304,655,646,5304,91851.39,8.10,3203,2888,0.6039,0.5445,17.32,2,1,1,0,1,0,0,1,0,0,community | fireworks,Saturday Night Fireworks | Trash Cancer Night,0,1,1,1,Mid Attendance,Fireworks
RCT_2025_069,2025,2025-06-22,2025-06-22,Chattanooga Lookouts,Sunday,2:35 PM CT,3749,281,279,3749,66226.74,13.34,3010,1944,0.8029,0.5185,17.67,4,1,0,0,1,1,1,1,1,0,appreciation | food_beverage | weekly_promo,Blue Bell Sunday Sundaes | First Responders Day | Postgame Kids Run the Bases | Pregame Player Autographs,0,0,1,1,Low Attendance,Theme Night
RCT_2025_076,2025,2025-07-01,2025-07-01,Knoxville Smokies,Tuesday,6:35 PM CT,3638,383,379,3638,64058.77,9.50,2510,2088,0.6899,0.5739,17.61,1,1,0,0,0,1,0,0,0,0,weekly_promo,Reeds Jewelers Ladies Night,0,0,1,0,Low Attendance,Other Promo
RCT_2025_077,2025,2025-07-02,2025-07-02,Knoxville Smokies,Wednesday,6:35 PM CT,3665,407,400,3665,63378.37,9.00,2482,2525,0.6772,0.6889,17.29,1,1,0,0,0,1,0,1,0,0,weekly_promo,Tito's Dog Days,0,0,1,0,Low Attendance,Community
RCT_2025_078,2025,2025-07-03,2025-07-03,Knoxville Smokies,Thursday,6:05 PM CT,7157,710,699,7157,124680.52,10.08,5039,3426,0.7041,0.4787,17.42,3,1,1,0,1,1,0,0,0,0,fireworks | theme_night | weekly_promo,Independence EVE Celebration | Independence EVE Celebration Fireworks | Throwback Thursday,0,0,1,0,High Attendance,Fireworks
RCT_2025_088,2025,2025-07-18,2025-07-18,Columbus Clingstones,Friday,6:35 PM CT,6491,533,531,6491,112913.39,12.18,4833,3339,0.7446,0.5144,17.40,2,1,1,1,1,0,1,0,1,0,fireworks | theme_night,Friday Night Fireworks | Tennessee Titans Night,0,0,1,1,High Attendance,Fireworks
RCT_2025_089,2025,2025-07-19,2025-07-20,Columbus Clingstones,Saturday,6:35 PM CT,0,0,0,,,,0,0,,,,3,1,1,0,1,0,0,1,0,1,fireworks | jersey_auction | theme_night,Margaritaville Night | Margaritaville Night Jersey Auction | Saturday Night Fireworks,1,1,0,1,Zero Attendance / Doubleheader Gate,Fireworks
RCT_2025_090,2025,2025-07-20,2025-07-20,Columbus Clingstones,Sunday,2:35 PM CT,3606,384,381,3606,63392.54,9.39,2468,1982,0.6844,0.5496,17.58,4,1,0,1,1,1,0,1,1,0,giveaway | theme_night | weekly_promo,Lunáticos de Rocket City Day | Milagro Cups Giveaway and Drink Special | Postgame Kids Run the Bases | Pregame Player Autographs,0,1,1,1,Low Attendance,Giveaway
RCT_2025_097,2025,2025-07-29,2025-07-29,Birmingham Barons,Tuesday,6:35 PM CT,3414,378,377,3414,60413.20,9.03,2251,1675,0.6593,0.4906,17.70,1,1,0,0,0,1,0,0,0,0,weekly_promo,Reeds Jewelers Ladies Night,0,0,1,0,Low Attendance,Other Promo
RCT_2025_098,2025,2025-07-30,2025-07-30,Birmingham Barons,Wednesday,6:35 PM CT,3214,288,285,3214,53430.53,11.16,2433,1411,0.7570,0.4390,16.62,3,1,0,0,1,1,1,1,0,0,appreciation | community | weekly_promo,Educator Appreciation Night | School Supply Drive | Tito's Dog Days,0,0,1,0,Low Attendance,Theme Night
RCT_2025_099,2025,2025-07-31,2025-07-31,Birmingham Barons,Thursday,6:35 PM CT,3529,390,385,3529,60104.03,9.05,2355,1676,0.6673,0.4749,17.03,2,1,0,0,1,1,0,1,0,0,theme_night | weekly_promo,Salute to the Negro Leagues | Throwback Thursday,0,0,1,0,Low Attendance,Theme Night
RCT_2025_100,2025,2025-08-01,2025-08-01,Birmingham Barons,Friday,6:35 PM CT,5812,519,515,5812,95688.15,11.20,4233,2732,0.7283,0.4701,16.46,3,1,1,0,1,0,1,1,0,1,fireworks | jersey_auction | theme_night,Friday Night Fireworks | Space Jersey Auction | Space Night with NASA,0,0,1,1,High Attendance,Fireworks
RCT_2025_101,2025,2025-08-02,2025-08-02,Birmingham Barons,Saturday,6:35 PM CT,5325,679,666,5325,95256.14,7.84,3170,2521,0.5953,0.4734,17.89,1,1,0,0,1,0,0,0,1,0,appearance,Dinosaur Weekend Day 1,0,0,1,1,Mid Attendance,Theme Night
RCT_2025_102,2025,2025-08-03,2025-08-03,Birmingham Barons,Sunday,2:35 PM CT,2952,393,388,2952,51286.70,7.51,1730,1392,0.5860,0.4715,17.37,3,1,0,0,1,1,0,0,1,0,appearance | weekly_promo,Dinosaur Weekend Day 2 | Postgame Kids Run the Bases | Pregame Player Autographs,0,0,1,1,Low Attendance,Theme Night
RCT_2025_109,2025,2025-08-12,2025-08-12,Knoxville Smokies,Tuesday,6:35 PM CT,3258,282,281,3258,56446.82,11.55,2497,1564,0.7664,0.4800,17.33,2,1,0,0,1,1,1,1,0,0,community | weekly_promo,Reeds Jewelers Ladies Night | Strength in All Abilities Night,0,0,1,0,Low Attendance,Theme Night
RCT_2025_110,2025,2025-08-13,2025-08-13,Knoxville Smokies,Wednesday,6:35 PM CT,3274,241,239,3274,53612.82,13.59,2610,1420,0.7972,0.4337,16.38,2,1,0,0,1,1,1,1,0,0,group_sales | weekly_promo,North Alabama Colleges Night | Tito's Dog Days,0,0,1,0,Low Attendance,Theme Night
RCT_2025_111,2025,2025-08-14,2025-08-14,Knoxville Smokies,Thursday,6:35 PM CT,3539,275,273,3539,61482.67,12.87,2773,1825,0.7836,0.5157,17.37,4,1,0,1,1,1,1,0,1,0,giveaway | theme_night | ticket_package | weekly_promo,Bavarian Themed Solo Show | Beer Stein Giveaway | Oktoberfest Beer Package | Throwback Thursday,0,0,1,0,Low Attendance,Giveaway
RCT_2025_112,2025,2025-08-15,2025-08-15,Knoxville Smokies,Friday,6:35 PM CT,5013,504,494,5013,85585.09,9.95,3500,2762,0.6982,0.5510,17.07,3,1,1,0,1,1,0,1,0,0,community | fireworks,Friday Night Fireworks | Peraton Toiletries Drive | Thompson Tractor Community Hero,0,0,1,1,Mid Attendance,Fireworks
RCT_2025_113,2025,2025-08-16,2025-08-16,Knoxville Smokies,Saturday,6:35 PM CT,5366,678,665,5366,94788.31,7.91,3234,2524,0.6027,0.4704,17.66,1,1,0,1,0,0,0,0,0,0,giveaway,Youth Space Jersey Giveaway,0,0,1,1,Mid Attendance,Giveaway
RCT_2025_114,2025,2025-08-17,2025-08-17,Knoxville Smokies,Sunday,2:35 PM CT,3428,243,243,3428,60034.88,14.11,2752,1706,0.8028,0.4977,17.51,3,1,0,0,1,1,1,1,1,0,theme_night | weekly_promo,Faith and Family Day | Postgame Kids Run the Bases | Pregame Player Autographs,0,0,1,1,Low Attendance,Theme Night
RCT_2025_121,2025,2025-08-26,2025-08-26,Columbus Clingstones,Tuesday,6:35 PM CT,3277,304,299,3277,56970.33,10.78,2383,1612,0.7272,0.4919,17.38,1,1,0,0,0,1,0,0,0,0,weekly_promo,Reeds Jewelers Ladies Night,0,0,1,0,Low Attendance,Other Promo
RCT_2025_122,2025,2025-08-27,2025-08-27,Columbus Clingstones,Wednesday,6:35 PM CT,3411,381,372,3411,59709.85,8.95,2300,1549,0.6743,0.4541,17.51,2,1,0,0,1,1,0,1,0,0,theme_night | weekly_promo,Japanese Heritage Night | Tito's Dog Days,0,0,1,0,Low Attendance,Theme Night
RCT_2025_123,2025,2025-08-28,2025-08-28,Columbus Clingstones,Thursday,6:35 PM CT,4846,525,515,4846,84478.46,9.23,3290,2876,0.6789,0.5935,17.43,4,1,0,0,1,1,0,1,1,1,appearance | jersey_auction | theme_night | weekly_promo,Huntsville Stars 40th Anniversary Night | Huntsville Stars Jersey Auction | Jose and Ozzie Canseco Appearance | Throwback Thursday,0,0,1,0,Mid Attendance,Theme Night
RCT_2025_124,2025,2025-08-29,2025-08-29,Columbus Clingstones,Friday,6:35 PM CT,3918,434,430,3918,66050.13,9.03,2637,2032,0.6730,0.5186,16.86,3,1,1,0,1,0,1,1,1,0,community | fireworks | theme_night,Canned Food Drive | Friday Night Fireworks | Huntsville Havoc Night,0,0,1,1,Low Attendance,Fireworks
RCT_2025_125,2025,2025-08-30,2025-08-30,Columbus Clingstones,Saturday,6:35 PM CT,5526,728,715,5526,98211.55,7.59,3233,3304,0.5851,0.5979,17.77,1,1,1,0,1,0,0,0,0,0,fireworks,Saturday Night Fireworks,0,0,1,1,High Attendance,Fireworks
RCT_2025_126,2025,2025-08-31,2025-08-31,Columbus Clingstones,Sunday,2:35 PM CT,3105,290,288,3105,55408.96,10.71,2247,1255,0.7237,0.4042,17.85,2,1,0,0,0,1,0,0,1,0,weekly_promo,Postgame Kids Run the Bases | Pregame Player Autographs,0,0,1,1,Low Attendance,Other Promo
RCT_2025_133,2025,2025-09-09,2025-09-09,Chattanooga Lookouts,Tuesday,6:35 PM CT,3566,338,333,3566,56863.69,10.55,2616,1741,0.7336,0.4882,15.95,3,1,0,1,1,1,1,1,0,0,giveaway | theme_night | weekly_promo,Glow-In-The-Dark Youth T-Shirt Giveaway | Reeds Jewelers Ladies Night | STEM Night,0,0,1,0,Low Attendance,Giveaway
RCT_2025_134,2025,2025-09-10,2025-09-10,Chattanooga Lookouts,Wednesday,6:35 PM CT,3102,311,307,3102,52697.27,9.97,2163,2070,0.6973,0.6673,16.99,1,1,0,0,0,1,0,1,0,0,weekly_promo,Tito's Dog Days,0,0,1,0,Low Attendance,Community
RCT_2025_135,2025,2025-09-11,2025-09-11,Chattanooga Lookouts,Thursday,6:35 PM CT,4324,491,481,4324,72836.03,8.81,2866,2572,0.6628,0.5948,16.84,2,1,0,0,1,1,0,1,0,0,community | weekly_promo,September 11th Memorial Stair Climb | Throwback Thursday,0,0,1,0,Mid Attendance,Theme Night
RCT_2025_136,2025,2025-09-12,2025-09-12,Chattanooga Lookouts,Friday,6:35 PM CT,4810,590,586,4810,81182.18,8.15,2938,2510,0.6108,0.5218,16.88,2,1,1,0,1,0,0,1,0,0,community | fireworks,Friday Night Fireworks | You Are Not Alone Night,0,0,1,1,Mid Attendance,Fireworks
RCT_2025_137,2025,2025-09-13,2025-09-13,Chattanooga Lookouts,Saturday,6:35 PM CT,5458,523,520,5458,94332.69,10.44,3897,2551,0.7140,0.4674,17.28,3,1,1,0,1,0,1,1,1,1,appearance | fireworks | jersey_auction,AUSA vs. USA Patriots Softball Game | Patriotic Jersey Auction | Saturday Night Fireworks,0,0,1,1,Mid Attendance,Fireworks
RCT_2025_138,2025,2025-09-14,2025-09-14,Chattanooga Lookouts,Sunday,1:05 PM CT,4588,469,466,4588,79616.82,9.78,3182,2506,0.6935,0.5462,17.35,4,1,0,1,1,1,0,1,1,1,giveaway | jersey_auction | weekly_promo,2026 Magnetic Schedule Giveaway | Lunáticos Day and Jersey Auction | Postgame Kids Run the Bases | Pregame Player Autographs,0,0,1,1,Mid Attendance,Giveaway
