game_id,season,game_date,home_away,opponent,day_of_week,start_time,homestand_id,series_id,game_number_in_homestand,month,weekend_flag,holiday_flag,source_id,public_data_flag,notes
TP_2024_001,2024,2024-04-09,Home,Birmingham,Tuesday,,2024_HS_01,2024_HS_01_BIRMINGHAM,1,4,False,False,SRC_2024_SCHEDULE_RELEASE,True,Home game from official 2024 schedule release and printable schedule
TP_2024_002,2024,2024-04-10,Home,Birmingham,Wednesday,,2024_HS_01,2024_HS_01_BIRMINGHAM,2,4,False,False,SRC_2024_SCHEDULE_RELEASE,True,Home game from official 2024 schedule release and printable schedule
TP_2024_003,2024,2024-04-11,Home,Birmingham,Thursday,,2024_HS_01,2024_HS_01_BIRMINGHAM,3,4,False,False,SRC_2024_SCHEDULE_RELEASE,True,Home game from official 2024 schedule release and printable schedule
TP_2024_004,2024,2024-04-12,Home,Birmingham,Friday,,2024_HS_01,2024_HS_01_BIRMINGHAM,4,4,True,False,SRC_2024_SCHEDULE_RELEASE,True,Home game from official 2024 schedule release and printable schedule
TP_2024_005,2024,2024-04-13,Home,Birmingham,Saturday,,2024_HS_01,2024_HS_01_BIRMINGHAM,5,4,True,False,SRC_2024_SCHEDULE_RELEASE,True,Home game from official 2024 schedule release and printable schedule
TP_2024_006,2024,2024-04-14,Home,Birmingham,Sunday,,2024_HS_01,2024_HS_01_BIRMINGHAM,6,4,True,False,SRC_2024_SCHEDULE_RELEASE,True,Home game from official 2024 schedule release and printable schedule
TP_2024_007,2024,2024-04-23,Home,Tennessee,Tuesday,,2024_HS_02,2024_HS_02_TENNESSEE,1,4,False,False,SRC_2024_SCHEDULE_RELEASE,True,Home game from official 2024 schedule release and printable schedule
TP_2024_008,2024,2024-04-24,Home,Tennessee,Wednesday,,2024_HS_02,2024_HS_02_TENNESSEE,2,4,False,False,SRC_2024_SCHEDULE_RELEASE,True,Home game from official 2024 schedule release and printable schedule
TP_2024_009,2024,2024-04-25,Home,Tennessee,Thursday,,2024_HS_02,2024_HS_02_TENNESSEE,3,4,False,False,SRC_2024_SCHEDULE_RELEASE,True,Home game from official 2024 schedule release and printable schedule
TP_2024_010,2024,2024-04-26,Home,Tennessee,Friday,,2024_HS_02,2024_HS_02_TENNESSEE,4,4,True,False,SRC_2024_SCHEDULE_RELEASE,True,Home game from official 2024 schedule release and printable schedule
TP_2024_011,2024,2024-04-27,Home,Tennessee,Saturday,,2024_HS_02,2024_HS_02_TENNESSEE,5,4,True,False,SRC_2024_SCHEDULE_RELEASE,True,Home game from official 2024 schedule release and printable schedule
TP_2024_012,2024,2024-04-28,Home,Tennessee,Sunday,,2024_HS_02,2024_HS_02_TENNESSEE,6,4,True,False,SRC_2024_SCHEDULE_RELEASE,True,Home game from official 2024 schedule release and printable schedule
TP_2024_013,2024,2024-05-07,Home,Mississippi,Tuesday,,2024_HS_03,2024_HS_03_MISSISSIPPI,1,5,False,False,SRC_2024_SCHEDULE_RELEASE,True,Home game from official 2024 schedule release and printable schedule
TP_2024_014,2024,2024-05-08,Home,Mississippi,Wednesday,,2024_HS_03,2024_HS_03_MISSISSIPPI,2,5,False,False,SRC_2024_SCHEDULE_RELEASE,True,Home game from official 2024 schedule release and printable schedule
TP_2024_015,2024,2024-05-09,Home,Mississippi,Thursday,,2024_HS_03,2024_HS_03_MISSISSIPPI,3,5,False,False,SRC_2024_SCHEDULE_RELEASE,True,Home game from official 2024 schedule release and printable schedule
TP_2024_016,2024,2024-05-10,Home,Mississippi,Friday,,2024_HS_03,2024_HS_03_MISSISSIPPI,4,5,True,False,SRC_2024_SCHEDULE_RELEASE,True,Home game from official 2024 schedule release and printable schedule
TP_2024_017,2024,2024-05-11,Home,Mississippi,Saturday,,2024_HS_03,2024_HS_03_MISSISSIPPI,5,5,True,False,SRC_2024_SCHEDULE_RELEASE,True,Home game from official 2024 schedule release and printable schedule
TP_2024_018,2024,2024-05-12,Home,Mississippi,Sunday,,2024_HS_03,2024_HS_03_MISSISSIPPI,6,5,True,True,SRC_2024_SCHEDULE_RELEASE,True,Home game from official 2024 schedule release and printable schedule
TP_2024_019,2024,2024-05-21,Home,Montgomery,Tuesday,,2024_HS_04,2024_HS_04_MONTGOMERY,1,5,False,False,SRC_2024_SCHEDULE_RELEASE,True,Home game from official 2024 schedule release and printable schedule
TP_2024_020,2024,2024-05-22,Home,Montgomery,Wednesday,,2024_HS_04,2024_HS_04_MONTGOMERY,2,5,False,False,SRC_2024_SCHEDULE_RELEASE,True,Home game from official 2024 schedule release and printable schedule
TP_2024_021,2024,2024-05-23,Home,Montgomery,Thursday,,2024_HS_04,2024_HS_04_MONTGOMERY,3,5,False,False,SRC_2024_SCHEDULE_RELEASE,True,Home game from official 2024 schedule release and printable schedule
TP_2024_022,2024,2024-05-24,Home,Montgomery,Friday,,2024_HS_04,2024_HS_04_MONTGOMERY,4,5,True,False,SRC_2024_SCHEDULE_RELEASE,True,Home game from official 2024 schedule release and printable schedule
TP_2024_023,2024,2024-05-25,Home,Montgomery,Saturday,,2024_HS_04,2024_HS_04_MONTGOMERY,5,5,True,False,SRC_2024_SCHEDULE_RELEASE,True,Home game from official 2024 schedule release and printable schedule
TP_2024_024,2024,2024-05-26,Home,Montgomery,Sunday,,2024_HS_04,2024_HS_04_MONTGOMERY,6,5,True,True,SRC_2024_SCHEDULE_RELEASE,True,Home game from official 2024 schedule release and printable schedule
TP_2024_025,2024,2024-06-04,Home,Chattanooga,Tuesday,,2024_HS_05,2024_HS_05_CHATTANOOGA,1,6,False,False,SRC_2024_SCHEDULE_RELEASE,True,Home game from official 2024 schedule release and printable schedule
TP_2024_026,2024,2024-06-05,Home,Chattanooga,Wednesday,,2024_HS_05,2024_HS_05_CHATTANOOGA,2,6,False,False,SRC_2024_SCHEDULE_RELEASE,True,Home game from official 2024 schedule release and printable schedule
TP_2024_027,2024,2024-06-06,Home,Chattanooga,Thursday,,2024_HS_05,2024_HS_05_CHATTANOOGA,3,6,False,False,SRC_2024_SCHEDULE_RELEASE,True,Home game from official 2024 schedule release and printable schedule
TP_2024_028,2024,2024-06-07,Home,Chattanooga,Friday,,2024_HS_05,2024_HS_05_CHATTANOOGA,4,6,True,False,SRC_2024_SCHEDULE_RELEASE,True,Home game from official 2024 schedule release and printable schedule
TP_2024_029,2024,2024-06-08,Home,Chattanooga,Saturday,,2024_HS_05,2024_HS_05_CHATTANOOGA,5,6,True,False,SRC_2024_SCHEDULE_RELEASE,True,Home game from official 2024 schedule release and printable schedule
TP_2024_030,2024,2024-06-09,Home,Chattanooga,Sunday,,2024_HS_05,2024_HS_05_CHATTANOOGA,6,6,True,False,SRC_2024_SCHEDULE_RELEASE,True,Home game from official 2024 schedule release and printable schedule
TP_2024_031,2024,2024-06-18,Home,Biloxi,Tuesday,,2024_HS_06,2024_HS_06_BILOXI,1,6,False,False,SRC_2024_SCHEDULE_RELEASE,True,Home game from official 2024 schedule release and printable schedule
TP_2024_032,2024,2024-06-19,Home,Biloxi,Wednesday,,2024_HS_06,2024_HS_06_BILOXI,2,6,False,False,SRC_2024_SCHEDULE_RELEASE,True,Home game from official 2024 schedule release and printable schedule
TP_2024_033,2024,2024-06-20,Home,Biloxi,Thursday,,2024_HS_06,2024_HS_06_BILOXI,3,6,False,False,SRC_2024_SCHEDULE_RELEASE,True,Home game from official 2024 schedule release and printable schedule
TP_2024_034,2024,2024-06-21,Home,Biloxi,Friday,,2024_HS_06,2024_HS_06_BILOXI,4,6,True,False,SRC_2024_SCHEDULE_RELEASE,True,Home game from official 2024 schedule release and printable schedule
TP_2024_035,2024,2024-06-22,Home,Biloxi,Saturday,,2024_HS_06,2024_HS_06_BILOXI,5,6,True,False,SRC_2024_SCHEDULE_RELEASE,True,Home game from official 2024 schedule release and printable schedule
TP_2024_036,2024,2024-06-23,Home,Biloxi,Sunday,,2024_HS_06,2024_HS_06_BILOXI,6,6,True,False,SRC_2024_SCHEDULE_RELEASE,True,Home game from official 2024 schedule release and printable schedule
TP_2024_037,2024,2024-07-04,Home,Birmingham,Thursday,,2024_HS_07,2024_HS_07_BIRMINGHAM,1,7,False,True,SRC_2024_SCHEDULE_RELEASE,True,Home game from official 2024 schedule release and printable schedule
TP_2024_038,2024,2024-07-05,Home,Birmingham,Friday,,2024_HS_07,2024_HS_07_BIRMINGHAM,2,7,True,False,SRC_2024_SCHEDULE_RELEASE,True,Home game from official 2024 schedule release and printable schedule
TP_2024_039,2024,2024-07-06,Home,Birmingham,Saturday,,2024_HS_07,2024_HS_07_BIRMINGHAM,3,7,True,False,SRC_2024_SCHEDULE_RELEASE,True,Home game from official 2024 schedule release and printable schedule
TP_2024_040,2024,2024-07-09,Home,Pensacola,Tuesday,,2024_HS_08,2024_HS_08_PENSACOLA,1,7,False,False,SRC_2024_SCHEDULE_RELEASE,True,Home game from official 2024 schedule release and printable schedule
TP_2024_041,2024,2024-07-10,Home,Pensacola,Wednesday,,2024_HS_08,2024_HS_08_PENSACOLA,2,7,False,False,SRC_2024_SCHEDULE_RELEASE,True,Home game from official 2024 schedule release and printable schedule
TP_2024_042,2024,2024-07-11,Home,Pensacola,Thursday,,2024_HS_08,2024_HS_08_PENSACOLA,3,7,False,False,SRC_2024_SCHEDULE_RELEASE,True,Home game from official 2024 schedule release and printable schedule
TP_2024_043,2024,2024-07-12,Home,Pensacola,Friday,,2024_HS_08,2024_HS_08_PENSACOLA,4,7,True,False,SRC_2024_SCHEDULE_RELEASE,True,Home game from official 2024 schedule release and printable schedule
TP_2024_044,2024,2024-07-13,Home,Pensacola,Saturday,,2024_HS_08,2024_HS_08_PENSACOLA,5,7,True,False,SRC_2024_SCHEDULE_RELEASE,True,Home game from official 2024 schedule release and printable schedule
TP_2024_045,2024,2024-07-14,Home,Pensacola,Sunday,,2024_HS_08,2024_HS_08_PENSACOLA,6,7,True,False,SRC_2024_SCHEDULE_RELEASE,True,Home game from official 2024 schedule release and printable schedule
TP_2024_046,2024,2024-07-23,Home,Chattanooga,Tuesday,,2024_HS_09,2024_HS_09_CHATTANOOGA,1,7,False,False,SRC_2024_SCHEDULE_RELEASE,True,Home game from official 2024 schedule release and printable schedule
TP_2024_047,2024,2024-07-24,Home,Chattanooga,Wednesday,,2024_HS_09,2024_HS_09_CHATTANOOGA,2,7,False,False,SRC_2024_SCHEDULE_RELEASE,True,Home game from official 2024 schedule release and printable schedule
TP_2024_048,2024,2024-07-25,Home,Chattanooga,Thursday,,2024_HS_09,2024_HS_09_CHATTANOOGA,3,7,False,False,SRC_2024_SCHEDULE_RELEASE,True,Home game from official 2024 schedule release and printable schedule
TP_2024_049,2024,2024-07-26,Home,Chattanooga,Friday,,2024_HS_09,2024_HS_09_CHATTANOOGA,4,7,True,False,SRC_2024_SCHEDULE_RELEASE,True,Home game from official 2024 schedule release and printable schedule
TP_2024_050,2024,2024-07-27,Home,Chattanooga,Saturday,,2024_HS_09,2024_HS_09_CHATTANOOGA,5,7,True,False,SRC_2024_SCHEDULE_RELEASE,True,Home game from official 2024 schedule release and printable schedule
TP_2024_051,2024,2024-07-28,Home,Chattanooga,Sunday,,2024_HS_09,2024_HS_09_CHATTANOOGA,6,7,True,False,SRC_2024_SCHEDULE_RELEASE,True,Home game from official 2024 schedule release and printable schedule
TP_2024_052,2024,2024-08-06,Home,Birmingham,Tuesday,,2024_HS_10,2024_HS_10_BIRMINGHAM,1,8,False,False,SRC_2024_SCHEDULE_RELEASE,True,Home game from official 2024 schedule release and printable schedule
TP_2024_053,2024,2024-08-07,Home,Birmingham,Wednesday,,2024_HS_10,2024_HS_10_BIRMINGHAM,2,8,False,False,SRC_2024_SCHEDULE_RELEASE,True,Home game from official 2024 schedule release and printable schedule
TP_2024_054,2024,2024-08-08,Home,Birmingham,Thursday,,2024_HS_10,2024_HS_10_BIRMINGHAM,3,8,False,False,SRC_2024_SCHEDULE_RELEASE,True,Home game from official 2024 schedule release and printable schedule
TP_2024_055,2024,2024-08-09,Home,Birmingham,Friday,,2024_HS_10,2024_HS_10_BIRMINGHAM,4,8,True,False,SRC_2024_SCHEDULE_RELEASE,True,Home game from official 2024 schedule release and printable schedule
TP_2024_056,2024,2024-08-10,Home,Birmingham,Saturday,,2024_HS_10,2024_HS_10_BIRMINGHAM,5,8,True,False,SRC_2024_SCHEDULE_RELEASE,True,Home game from official 2024 schedule release and printable schedule
TP_2024_057,2024,2024-08-11,Home,Birmingham,Sunday,,2024_HS_10,2024_HS_10_BIRMINGHAM,6,8,True,False,SRC_2024_SCHEDULE_RELEASE,True,Home game from official 2024 schedule release and printable schedule
TP_2024_058,2024,2024-08-27,Home,Tennessee,Tuesday,,2024_HS_11,2024_HS_11_TENNESSEE,1,8,False,False,SRC_2024_SCHEDULE_RELEASE,True,Home game from official 2024 schedule release and printable schedule
TP_2024_059,2024,2024-08-28,Home,Tennessee,Wednesday,,2024_HS_11,2024_HS_11_TENNESSEE,2,8,False,False,SRC_2024_SCHEDULE_RELEASE,True,Home game from official 2024 schedule release and printable schedule
TP_2024_060,2024,2024-08-29,Home,Tennessee,Thursday,,2024_HS_11,2024_HS_11_TENNESSEE,3,8,False,False,SRC_2024_SCHEDULE_RELEASE,True,Home game from official 2024 schedule release and printable schedule
TP_2024_061,2024,2024-08-30,Home,Tennessee,Friday,,2024_HS_11,2024_HS_11_TENNESSEE,4,8,True,False,SRC_2024_SCHEDULE_RELEASE,True,Home game from official 2024 schedule release and printable schedule
TP_2024_062,2024,2024-08-31,Home,Tennessee,Saturday,,2024_HS_11,2024_HS_11_TENNESSEE,5,8,True,False,SRC_2024_SCHEDULE_RELEASE,True,Home game from official 2024 schedule release and printable schedule
TP_2024_063,2024,2024-09-01,Home,Tennessee,Sunday,,2024_HS_11,2024_HS_11_TENNESSEE,6,9,True,True,SRC_2024_SCHEDULE_RELEASE,True,Home game from official 2024 schedule release and printable schedule
TP_2024_064,2024,2024-09-03,Home,Biloxi,Tuesday,,2024_HS_12,2024_HS_12_BILOXI,1,9,False,False,SRC_2024_SCHEDULE_RELEASE,True,Home game from official 2024 schedule release and printable schedule
TP_2024_065,2024,2024-09-04,Home,Biloxi,Wednesday,,2024_HS_12,2024_HS_12_BILOXI,2,9,False,False,SRC_2024_SCHEDULE_RELEASE,True,Home game from official 2024 schedule release and printable schedule
TP_2024_066,2024,2024-09-05,Home,Biloxi,Thursday,,2024_HS_12,2024_HS_12_BILOXI,3,9,False,False,SRC_2024_SCHEDULE_RELEASE,True,Home game from official 2024 schedule release and printable schedule
TP_2024_067,2024,2024-09-06,Home,Biloxi,Friday,,2024_HS_12,2024_HS_12_BILOXI,4,9,True,False,SRC_2024_SCHEDULE_RELEASE,True,Home game from official 2024 schedule release and printable schedule
TP_2024_068,2024,2024-09-07,Home,Biloxi,Saturday,,2024_HS_12,2024_HS_12_BILOXI,5,9,True,False,SRC_2024_SCHEDULE_RELEASE,True,Home game from official 2024 schedule release and printable schedule
TP_2024_069,2024,2024-09-08,Home,Biloxi,Sunday,,2024_HS_12,2024_HS_12_BILOXI,6,9,True,False,SRC_2024_SCHEDULE_RELEASE,True,Home game from official 2024 schedule release and printable schedule
TP_2025_001,2025,2025-04-04,Home,Chattanooga,Friday,,2025_HS_01,2025_HS_01_CHATTANOOGA,1,4,True,False,SRC_2025_SCHEDULE_RELEASE,True,Home game from official 2025 schedule release
TP_2025_002,2025,2025-04-05,Home,Chattanooga,Saturday,,2025_HS_01,2025_HS_01_CHATTANOOGA,2,4,True,False,SRC_2025_SCHEDULE_RELEASE,True,Home game from official 2025 schedule release
TP_2025_003,2025,2025-04-06,Home,Chattanooga,Sunday,,2025_HS_01,2025_HS_01_CHATTANOOGA,3,4,True,False,SRC_2025_SCHEDULE_RELEASE,True,Home game from official 2025 schedule release
TP_2025_004,2025,2025-04-08,Home,Tennessee,Tuesday,,2025_HS_01,2025_HS_01_TENNESSEE,4,4,False,False,SRC_2025_SCHEDULE_RELEASE,True,Home game from official 2025 schedule release
TP_2025_005,2025,2025-04-09,Home,Tennessee,Wednesday,,2025_HS_01,2025_HS_01_TENNESSEE,5,4,False,False,SRC_2025_SCHEDULE_RELEASE,True,Home game from official 2025 schedule release
TP_2025_006,2025,2025-04-10,Home,Tennessee,Thursday,,2025_HS_01,2025_HS_01_TENNESSEE,6,4,False,False,SRC_2025_SCHEDULE_RELEASE,True,Home game from official 2025 schedule release
TP_2025_007,2025,2025-04-11,Home,Tennessee,Friday,,2025_HS_01,2025_HS_01_TENNESSEE,7,4,True,False,SRC_2025_SCHEDULE_RELEASE,True,Home game from official 2025 schedule release
TP_2025_008,2025,2025-04-12,Home,Tennessee,Saturday,,2025_HS_01,2025_HS_01_TENNESSEE,8,4,True,False,SRC_2025_SCHEDULE_RELEASE,True,Home game from official 2025 schedule release
TP_2025_009,2025,2025-04-13,Home,Tennessee,Sunday,,2025_HS_01,2025_HS_01_TENNESSEE,9,4,True,False,SRC_2025_SCHEDULE_RELEASE,True,Home game from official 2025 schedule release
TP_2025_010,2025,2025-04-22,Home,Birmingham,Tuesday,,2025_HS_02,2025_HS_02_BIRMINGHAM,1,4,False,False,SRC_2025_SCHEDULE_RELEASE,True,Home game from official 2025 schedule release
TP_2025_011,2025,2025-04-23,Home,Birmingham,Wednesday,,2025_HS_02,2025_HS_02_BIRMINGHAM,2,4,False,False,SRC_2025_SCHEDULE_RELEASE,True,Home game from official 2025 schedule release
TP_2025_012,2025,2025-04-24,Home,Birmingham,Thursday,,2025_HS_02,2025_HS_02_BIRMINGHAM,3,4,False,False,SRC_2025_SCHEDULE_RELEASE,True,Home game from official 2025 schedule release
TP_2025_013,2025,2025-04-25,Home,Birmingham,Friday,,2025_HS_02,2025_HS_02_BIRMINGHAM,4,4,True,False,SRC_2025_SCHEDULE_RELEASE,True,Home game from official 2025 schedule release
TP_2025_014,2025,2025-04-26,Home,Birmingham,Saturday,,2025_HS_02,2025_HS_02_BIRMINGHAM,5,4,True,False,SRC_2025_SCHEDULE_RELEASE,True,Home game from official 2025 schedule release
TP_2025_015,2025,2025-04-27,Home,Birmingham,Sunday,,2025_HS_02,2025_HS_02_BIRMINGHAM,6,4,True,False,SRC_2025_SCHEDULE_RELEASE,True,Home game from official 2025 schedule release
TP_2025_016,2025,2025-05-06,Home,Montgomery,Tuesday,,2025_HS_03,2025_HS_03_MONTGOMERY,1,5,False,False,SRC_2025_SCHEDULE_RELEASE,True,Home game from official 2025 schedule release
TP_2025_017,2025,2025-05-07,Home,Montgomery,Wednesday,,2025_HS_03,2025_HS_03_MONTGOMERY,2,5,False,False,SRC_2025_SCHEDULE_RELEASE,True,Home game from official 2025 schedule release
TP_2025_018,2025,2025-05-08,Home,Montgomery,Thursday,,2025_HS_03,2025_HS_03_MONTGOMERY,3,5,False,False,SRC_2025_SCHEDULE_RELEASE,True,Home game from official 2025 schedule release
TP_2025_019,2025,2025-05-09,Home,Montgomery,Friday,,2025_HS_03,2025_HS_03_MONTGOMERY,4,5,True,False,SRC_2025_SCHEDULE_RELEASE,True,Home game from official 2025 schedule release
TP_2025_020,2025,2025-05-10,Home,Montgomery,Saturday,,2025_HS_03,2025_HS_03_MONTGOMERY,5,5,True,False,SRC_2025_SCHEDULE_RELEASE,True,Home game from official 2025 schedule release
TP_2025_021,2025,2025-05-11,Home,Montgomery,Sunday,,2025_HS_03,2025_HS_03_MONTGOMERY,6,5,True,True,SRC_2025_SCHEDULE_RELEASE,True,Home game from official 2025 schedule release
TP_2025_022,2025,2025-05-27,Home,Biloxi,Tuesday,,2025_HS_04,2025_HS_04_BILOXI,1,5,False,False,SRC_2025_SCHEDULE_RELEASE,True,Home game from official 2025 schedule release
TP_2025_023,2025,2025-05-28,Home,Biloxi,Wednesday,,2025_HS_04,2025_HS_04_BILOXI,2,5,False,False,SRC_2025_SCHEDULE_RELEASE,True,Home game from official 2025 schedule release
TP_2025_024,2025,2025-05-29,Home,Biloxi,Thursday,,2025_HS_04,2025_HS_04_BILOXI,3,5,False,False,SRC_2025_SCHEDULE_RELEASE,True,Home game from official 2025 schedule release
TP_2025_025,2025,2025-05-30,Home,Biloxi,Friday,,2025_HS_04,2025_HS_04_BILOXI,4,5,True,False,SRC_2025_SCHEDULE_RELEASE,True,Home game from official 2025 schedule release
TP_2025_026,2025,2025-05-31,Home,Biloxi,Saturday,,2025_HS_04,2025_HS_04_BILOXI,5,5,True,False,SRC_2025_SCHEDULE_RELEASE,True,Home game from official 2025 schedule release
TP_2025_027,2025,2025-06-01,Home,Biloxi,Sunday,,2025_HS_04,2025_HS_04_BILOXI,6,6,True,False,SRC_2025_SCHEDULE_RELEASE,True,Home game from official 2025 schedule release
TP_2025_028,2025,2025-06-10,Home,Pensacola,Tuesday,,2025_HS_05,2025_HS_05_PENSACOLA,1,6,False,False,SRC_2025_SCHEDULE_RELEASE,True,Home game from official 2025 schedule release
TP_2025_029,2025,2025-06-11,Home,Pensacola,Wednesday,,2025_HS_05,2025_HS_05_PENSACOLA,2,6,False,False,SRC_2025_SCHEDULE_RELEASE,True,Home game from official 2025 schedule release
TP_2025_030,2025,2025-06-12,Home,Pensacola,Thursday,,2025_HS_05,2025_HS_05_PENSACOLA,3,6,False,False,SRC_2025_SCHEDULE_RELEASE,True,Home game from official 2025 schedule release
TP_2025_031,2025,2025-06-13,Home,Pensacola,Friday,,2025_HS_05,2025_HS_05_PENSACOLA,4,6,True,False,SRC_2025_SCHEDULE_RELEASE,True,Home game from official 2025 schedule release
TP_2025_032,2025,2025-06-14,Home,Pensacola,Saturday,,2025_HS_05,2025_HS_05_PENSACOLA,5,6,True,False,SRC_2025_SCHEDULE_RELEASE,True,Home game from official 2025 schedule release
TP_2025_033,2025,2025-06-15,Home,Pensacola,Sunday,,2025_HS_05,2025_HS_05_PENSACOLA,6,6,True,False,SRC_2025_SCHEDULE_RELEASE,True,Home game from official 2025 schedule release
TP_2025_034,2025,2025-06-17,Home,Chattanooga,Tuesday,,2025_HS_05,2025_HS_05_CHATTANOOGA,7,6,False,False,SRC_2025_SCHEDULE_RELEASE,True,Home game from official 2025 schedule release
TP_2025_035,2025,2025-06-18,Home,Chattanooga,Wednesday,,2025_HS_05,2025_HS_05_CHATTANOOGA,8,6,False,False,SRC_2025_SCHEDULE_RELEASE,True,Home game from official 2025 schedule release
TP_2025_036,2025,2025-06-19,Home,Chattanooga,Thursday,,2025_HS_05,2025_HS_05_CHATTANOOGA,9,6,False,False,SRC_2025_SCHEDULE_RELEASE,True,Home game from official 2025 schedule release
TP_2025_037,2025,2025-06-20,Home,Chattanooga,Friday,,2025_HS_05,2025_HS_05_CHATTANOOGA,10,6,True,False,SRC_2025_SCHEDULE_RELEASE,True,Home game from official 2025 schedule release
TP_2025_038,2025,2025-06-21,Home,Chattanooga,Saturday,,2025_HS_05,2025_HS_05_CHATTANOOGA,11,6,True,False,SRC_2025_SCHEDULE_RELEASE,True,Home game from official 2025 schedule release
TP_2025_039,2025,2025-06-22,Home,Chattanooga,Sunday,,2025_HS_05,2025_HS_05_CHATTANOOGA,12,6,True,False,SRC_2025_SCHEDULE_RELEASE,True,Home game from official 2025 schedule release
TP_2025_040,2025,2025-07-01,Home,Tennessee,Tuesday,,2025_HS_06,2025_HS_06_TENNESSEE,1,7,False,True,SRC_2025_SCHEDULE_RELEASE,True,Home game from official 2025 schedule release
TP_2025_041,2025,2025-07-02,Home,Tennessee,Wednesday,,2025_HS_06,2025_HS_06_TENNESSEE,2,7,False,True,SRC_2025_SCHEDULE_RELEASE,True,Home game from official 2025 schedule release
TP_2025_042,2025,2025-07-03,Home,Tennessee,Thursday,,2025_HS_06,2025_HS_06_TENNESSEE,3,7,False,True,SRC_2025_SCHEDULE_RELEASE,True,Home game from official 2025 schedule release
TP_2025_043,2025,2025-07-18,Home,Columbus,Friday,,2025_HS_07,2025_HS_07_COLUMBUS,1,7,True,False,SRC_2025_SCHEDULE_RELEASE,True,Home game from official 2025 schedule release
TP_2025_044,2025,2025-07-19,Home,Columbus,Saturday,,2025_HS_07,2025_HS_07_COLUMBUS,2,7,True,False,SRC_2025_SCHEDULE_RELEASE,True,Home game from official 2025 schedule release
TP_2025_045,2025,2025-07-20,Home,Columbus,Sunday,,2025_HS_07,2025_HS_07_COLUMBUS,3,7,True,False,SRC_2025_SCHEDULE_RELEASE,True,Home game from official 2025 schedule release
TP_2025_046,2025,2025-07-29,Home,Birmingham,Tuesday,,2025_HS_08,2025_HS_08_BIRMINGHAM,1,7,False,False,SRC_2025_SCHEDULE_RELEASE,True,Home game from official 2025 schedule release
TP_2025_047,2025,2025-07-30,Home,Birmingham,Wednesday,,2025_HS_08,2025_HS_08_BIRMINGHAM,2,7,False,False,SRC_2025_SCHEDULE_RELEASE,True,Home game from official 2025 schedule release
TP_2025_048,2025,2025-07-31,Home,Birmingham,Thursday,,2025_HS_08,2025_HS_08_BIRMINGHAM,3,7,False,False,SRC_2025_SCHEDULE_RELEASE,True,Home game from official 2025 schedule release
TP_2025_049,2025,2025-08-01,Home,Birmingham,Friday,,2025_HS_08,2025_HS_08_BIRMINGHAM,4,8,True,False,SRC_2025_SCHEDULE_RELEASE,True,Home game from official 2025 schedule release
TP_2025_050,2025,2025-08-02,Home,Birmingham,Saturday,,2025_HS_08,2025_HS_08_BIRMINGHAM,5,8,True,False,SRC_2025_SCHEDULE_RELEASE,True,Home game from official 2025 schedule release
TP_2025_051,2025,2025-08-03,Home,Birmingham,Sunday,,2025_HS_08,2025_HS_08_BIRMINGHAM,6,8,True,False,SRC_2025_SCHEDULE_RELEASE,True,Home game from official 2025 schedule release
TP_2025_052,2025,2025-08-12,Home,Tennessee,Tuesday,,2025_HS_09,2025_HS_09_TENNESSEE,1,8,False,False,SRC_2025_SCHEDULE_RELEASE,True,Home game from official 2025 schedule release
TP_2025_053,2025,2025-08-13,Home,Tennessee,Wednesday,,2025_HS_09,2025_HS_09_TENNESSEE,2,8,False,False,SRC_2025_SCHEDULE_RELEASE,True,Home game from official 2025 schedule release
TP_2025_054,2025,2025-08-14,Home,Tennessee,Thursday,,2025_HS_09,2025_HS_09_TENNESSEE,3,8,False,False,SRC_2025_SCHEDULE_RELEASE,True,Home game from official 2025 schedule release
TP_2025_055,2025,2025-08-15,Home,Tennessee,Friday,,2025_HS_09,2025_HS_09_TENNESSEE,4,8,True,False,SRC_2025_SCHEDULE_RELEASE,True,Home game from official 2025 schedule release
TP_2025_056,2025,2025-08-16,Home,Tennessee,Saturday,,2025_HS_09,2025_HS_09_TENNESSEE,5,8,True,False,SRC_2025_SCHEDULE_RELEASE,True,Home game from official 2025 schedule release
TP_2025_057,2025,2025-08-17,Home,Tennessee,Sunday,,2025_HS_09,2025_HS_09_TENNESSEE,6,8,True,False,SRC_2025_SCHEDULE_RELEASE,True,Home game from official 2025 schedule release
TP_2025_058,2025,2025-08-26,Home,Columbus,Tuesday,,2025_HS_10,2025_HS_10_COLUMBUS,1,8,False,False,SRC_2025_SCHEDULE_RELEASE,True,Home game from official 2025 schedule release
TP_2025_059,2025,2025-08-27,Home,Columbus,Wednesday,,2025_HS_10,2025_HS_10_COLUMBUS,2,8,False,False,SRC_2025_SCHEDULE_RELEASE,True,Home game from official 2025 schedule release
TP_2025_060,2025,2025-08-28,Home,Columbus,Thursday,,2025_HS_10,2025_HS_10_COLUMBUS,3,8,False,False,SRC_2025_SCHEDULE_RELEASE,True,Home game from official 2025 schedule release
TP_2025_061,2025,2025-08-29,Home,Columbus,Friday,,2025_HS_10,2025_HS_10_COLUMBUS,4,8,True,False,SRC_2025_SCHEDULE_RELEASE,True,Home game from official 2025 schedule release
TP_2025_062,2025,2025-08-30,Home,Columbus,Saturday,,2025_HS_10,2025_HS_10_COLUMBUS,5,8,True,False,SRC_2025_SCHEDULE_RELEASE,True,Home game from official 2025 schedule release
TP_2025_063,2025,2025-08-31,Home,Columbus,Sunday,,2025_HS_10,2025_HS_10_COLUMBUS,6,8,True,False,SRC_2025_SCHEDULE_RELEASE,True,Home game from official 2025 schedule release
TP_2025_064,2025,2025-09-09,Home,Chattanooga,Tuesday,,2025_HS_11,2025_HS_11_CHATTANOOGA,1,9,False,False,SRC_2025_SCHEDULE_RELEASE,True,Home game from official 2025 schedule release
TP_2025_065,2025,2025-09-10,Home,Chattanooga,Wednesday,,2025_HS_11,2025_HS_11_CHATTANOOGA,2,9,False,False,SRC_2025_SCHEDULE_RELEASE,True,Home game from official 2025 schedule release
TP_2025_066,2025,2025-09-11,Home,Chattanooga,Thursday,,2025_HS_11,2025_HS_11_CHATTANOOGA,3,9,False,False,SRC_2025_SCHEDULE_RELEASE,True,Home game from official 2025 schedule release
TP_2025_067,2025,2025-09-12,Home,Chattanooga,Friday,,2025_HS_11,2025_HS_11_CHATTANOOGA,4,9,True,False,SRC_2025_SCHEDULE_RELEASE,True,Home game from official 2025 schedule release
TP_2025_068,2025,2025-09-13,Home,Chattanooga,Saturday,,2025_HS_11,2025_HS_11_CHATTANOOGA,5,9,True,False,SRC_2025_SCHEDULE_RELEASE,True,Home game from official 2025 schedule release
TP_2025_069,2025,2025-09-14,Home,Chattanooga,Sunday,,2025_HS_11,2025_HS_11_CHATTANOOGA,6,9,True,False,SRC_2025_SCHEDULE_RELEASE,True,Home game from official 2025 schedule release
